timestamp,speed_kmh,distance_to_obstacle_m,gps_lat,gps_lon,sensor_status
2026-01-01 08:00:00.000000000,47.450712295168486,14.598573800204948,39.90418273012791,116.40737771837283,normal
2026-01-01 08:00:00.100000000,37.92603548243223,18.843850634275856,39.90418210605812,116.40736509975616,normal
2026-01-01 08:00:00.200000000,49.715328071510385,13.660640632000309,39.90418246639557,116.40734625855248,normal
2026-01-01 08:00:00.300000000,62.84544784612038,17.536307762887677,39.904191919002486,116.40733529863611,normal
2026-01-01 08:00:00.400000000,36.48769937914996,4.851082664369715,39.90416458183522,116.4073310156299,normal
2026-01-01 08:00:00.500000000,36.487945645762295,21.70634965898351,39.904176433180695,116.40734775871962,normal
2026-01-01 08:00:00.600000000,63.688192232610874,20.009643802897795,39.904122345348064,116.40734133553885,normal
2026-01-01 08:00:00.700000000,51.51152093729363,13.463290951454475,39.90410974765702,116.40730962302472,normal
2026-01-01 08:00:00.800000000,32.95788421097572,25.27396534745924,39.90409998218016,116.40733242438164,normal
2026-01-01 08:00:00.900000000,48.13840065378947,27.500561101012465,39.90411264871669,116.40731568257897,normal
2026-01-01 08:00:01.000000000,33.04873460781307,7.139521085048207,39.90411310133374,116.40731450817043,normal
2026-01-01 08:00:01.100000000,33.01405369644615,13.898201771470287,39.90408499007266,116.40732343890056,normal
2026-01-01 08:00:01.200000000,43.629434073490515,13.846861201701614,39.90406529021015,116.40732743110894,normal
2026-01-01 08:00:01.300000000,11.300796330133032,12.480775191129084,39.904069263810335,116.40734931469989,normal
2026-01-01 08:00:01.400000000,14.126232512304508,26.63579873545399,39.9040676824635,116.40735889476275,normal
2026-01-01 08:00:01.500000000,31.56568706138541,18.449390889817572,39.90405609998131,116.40734166857116,normal
2026-01-01 08:00:01.600000000,24.80753319498364,17.883881269515115,39.90404648330552,116.40738523981464,normal
2026-01-01 08:00:01.700000000,44.71370998892911,3.9691010847459722,39.90406040666546,116.4073891264839,normal
2026-01-01 08:00:01.800000000,26.37963886718184,-7.358248412488454,39.90405005281401,116.40738617967938,normal
2026-01-01 08:00:01.900000000,18.815444479970626,-8.256556519483958,39.904048290989124,116.40740545818784,normal
2026-01-01 08:00:02.000000000,61.98473153382331,20.479461042130627,39.904091689720886,116.40741044720676,normal
2026-01-01 08:00:02.100000000,36.61335549270196,22.219015503665535,39.904063216068145,116.40741843177061,normal
2026-01-01 08:00:02.200000000,41.012923070318855,30.88526876670921,39.90402617921352,116.40746827545058,normal
2026-01-01 08:00:02.300000000,18.628777206798148,9.529436807047103,39.90404185100681,116.40746277302202,normal
2026-01-01 08:00:02.400000000,31.83425913212226,-4.156097246566603,39.90402827814559,116.40745641780414,normal
2026-01-01 08:00:02.500000000,41.663838845647994,21.47079635802956,39.90402191339503,116.40745874937438,normal
2026-01-01 08:00:02.600000000,22.735096338665457,34.40408945208683,39.90400629026747,116.4074801796931,normal
2026-01-01 08:00:02.700000000,45.63547027518508,29.911570823515497,39.90400109426465,116.40745004901248,normal
2026-01-01 08:00:02.800000000,30.990419651217927,21.677275322197005,39.904033065026894,116.40741073789465,normal
2026-01-01 08:00:02.900000000,35.62459375310085,16.066910514943622,39.904049107596066,116.40739899558925,normal
2026-01-01 08:00:03.000000000,30.974400816559047,26.456980773098483,39.9040663520663,116.40736631713007,normal
2026-01-01 08:00:03.100000000,67.78417276763406,12.21163040236425,39.90403802752519,116.40735782050311,normal
2026-01-01 08:00:03.200000000,39.79754162893099,23.810862154849755,39.90401500445046,116.40736787049704,normal
2026-01-01 08:00:03.300000000,24.134336065661493,24.043761273333015,39.90395822287727,116.40735005551977,normal
2026-01-01 08:00:03.400000000,52.338173681547836,28.48167925999104,39.90394203526085,116.40732151898823,normal
2026-01-01 08:00:03.500000000,284.3777859146795,42.07728031128862,39.903961169324575,116.40732290573146,normal
2026-01-01 08:00:03.600000000,43.132953925071334,23.139327737430136,39.90397150825489,116.40734015660115,normal
2026-01-01 08:00:03.700000000,10.604948141803366,15.92829099434001,39.90396707798963,116.40730625713239,normal
2026-01-01 08:00:03.800000000,20.077209266523543,19.795405502464046,39.903966631983955,116.40732266178036,normal
2026-01-01 08:00:03.900000000,42.952918538036855,5.847392760887054,39.90395285427311,116.40733900790443,normal
2026-01-01 08:00:04.000000000,51.07699869993115,14.442294951287534,39.90395694945075,116.40735808960648,normal
2026-01-01 08:00:04.100000000,42.57052421784956,16.725740495095167,39.90397226701634,116.40738245921077,normal
2026-01-01 08:00:04.200000000,,15.80729281652326,39.90393994928059,116.40742649948926,normal
2026-01-01 08:00:04.300000000,35.48344456616067,21.218838976269776,39.90394594223435,116.40741937764828,normal
2026-01-01 08:00:04.400000000,17.822170144488588,13.420640540942395,39.90396459093177,116.40742156907989,normal
2026-01-01 08:00:04.500000000,29.20233687407937,28.96824533859577,39.90395628892599,116.40741324031123,normal
2026-01-01 08:00:04.600000000,33.09041843560319,20.001656519345577,39.903970302938234,116.40741327984811,normal
2026-01-01 08:00:04.700000000,55.856833393283736,19.925597430891084,39.90402659602712,116.40744393731524,normal
2026-01-01 08:00:04.800000000,45.15427434352692,17.376842267896656,39.904024509171265,116.40741703702555,normal
2026-01-01 08:00:04.900000000,13.554397669558991,21.24152547087183,39.90403237531226,116.40739981603211,normal
2026-01-01 08:00:05.000000000,44.86125954092192,26.600786117341077,39.90401761417059,116.40742735965084,normal
2026-01-01 08:00:05.100000000,34.22376579375525,13.062958274312798,39.90402123919384,116.40744776038098,normal
2026-01-01 08:00:05.200000000,29.84616999541062,14.735068087397947,39.90403044462634,116.40744049774804,normal
2026-01-01 08:00:05.300000000,49.175144332613016,17.570191769786682,39.90403434147315,116.40745758578807,normal
2026-01-01 08:00:05.400000000,55.46499283743927,9.23303261221428,39.90401394756675,116.40746441010491,normal
2026-01-01 08:00:05.500000000,53.96920178674298,13.445937122228017,39.90401807480218,116.4074944155971,normal
2026-01-01 08:00:05.600000000,27.41173715166042,16.19023301164273,39.904047318720956,116.40749590578898,normal
2026-01-01 08:00:05.700000000,,26.99511344570182,39.90405629143624,116.40751641843124,normal
2026-01-01 08:00:05.800000000,44.96895147105346,22.1004906320154,39.90407553118003,116.40756925866945,normal
2026-01-01 08:00:05.900000000,54.63317690683539,-5.479350321755947,39.90407079094062,116.40758122065256,normal
2026-01-01 08:00:06.000000000,32.81238643232065,26.807183697343778,39.904085788945416,116.40758220721588,normal
2026-01-01 08:00:06.100000000,37.215115350042744,18.901025692804826,39.904091374302176,116.40759665615558,normal
2026-01-01 08:00:06.200000000,23.404975389909577,23.123718799431117,39.90407235608758,116.40758935053842,normal
2026-01-01 08:00:06.300000000,22.056900638789937,19.17422597654003,39.90407872650768,116.40763710989252,normal
2026-01-01 08:00:06.400000000,52.18788733591297,22.122898795197028,39.90405889257441,116.40764071131328,normal
2026-01-01 08:00:06.500000000,60.34360042856234,15.337930739107343,39.90404623496892,116.40763525264687,normal
2026-01-01 08:00:06.600000000,38.91984817629499,0.4894627337885673,39.904050021535056,116.40761853886677,normal
2026-01-01 08:00:06.700000000,55.052993468380365,18.925766702509566,39.90405596642053,116.40764048327061,normal
2026-01-01 08:00:06.800000000,45.424540375714514,31.38198508879952,39.90403218177123,116.40765782701887,normal
2026-01-01 08:00:06.900000000,30.323203680923136,27.40972321793274,39.90405326148665,116.40764787993143,normal
2026-01-01 08:00:07.000000000,45.42093408262621,27.723179876729365,39.904064701612214,116.40765940895834,warning
2026-01-01 08:00:07.100000000,63.07054849698954,29.88904577444974,39.9040506070435,116.40762923783898,normal
2026-01-01 08:00:07.200000000,39.46260941335073,20.7092607276915,39.90401985534757,116.40763293725047,normal
2026-01-01 08:00:07.300000000,63.46965483721009,21.578525659244765,39.90401695725599,116.40764199237752,normal
2026-01-01 08:00:07.400000000,0.7038234386538349,15.058784836525199,39.90400803838171,116.40767613897371,normal
2026-01-01 08:00:07.500000000,52.32853756562836,17.4714171517836,39.90401030119086,116.40766072259765,normal
2026-01-01 08:00:07.600000000,41.30570602357257,24.926169198169134,39.90400303885763,116.40763515554508,normal
2026-01-01 08:00:07.700000000,35.51488974301199,29.63107549735053,39.90396288972042,116.40761724698586,normal
2026-01-01 08:00:07.800000000,41.37641164803254,18.884429794552005,39.90395512278165,116.40759051561585,normal
2026-01-01 08:00:07.900000000,10.186466280986608,16.39848588118871,39.90394901039943,116.407617248763,normal
2026-01-01 08:00:08.000000000,36.70492168243732,20.004223670852777,39.903961683619926,116.40764822154891,normal
2026-01-01 08:00:08.100000000,45.3566885726762,24.809653991432917,39.90394771962643,116.40765462588047,normal
2026-01-01 08:00:08.200000000,62.16841067112274,8.449161470931665,39.9039812931199,116.40767905177938,warning
2026-01-01 08:00:08.300000000,32.22594672589529,1.630552374902095,39.90394306030889,116.40768173094699,normal
2026-01-01 08:00:08.400000000,27.872595956602186,15.595705204067333,39.903969283658846,116.40767982871404,normal
2026-01-01 08:00:08.500000000,32.47364434623195,10.234300592686731,39.90396479727943,116.40767316796166,normal
2026-01-01 08:00:08.600000000,53.731031765531114,15.934878418821512,39.903981988976874,116.40766696014182,normal
2026-01-01 08:00:08.700000000,44.93126664489527,18.817757449460228,39.90398358500656,116.4076360041107,normal
2026-01-01 08:00:08.800000000,32.05359694349442,16.37401272781589,39.90400637611727,116.40764128920597,normal
2026-01-01 08:00:08.900000000,47.699011496700344,31.619740275765963,39.903998628877986,116.40764048252777,normal
2026-01-01 08:00:09.000000000,41.456163240220604,22.61395811681856,39.90397665646948,116.40765538974225,normal
2026-01-01 08:00:09.100000000,54.52967485799334,22.40379487688663,39.90400506655523,116.40765726021218,normal
2026-01-01 08:00:09.200000000,29.469203591839715,24.977657152347216,39.90400279694231,116.40765400613815,normal
2026-01-01 08:00:09.300000000,35.085067801033475,10.889335057753847,39.90400722811178,116.40763658227755,normal
2026-01-01 08:00:09.400000000,34.118377703017636,28.31289429936215,39.904031923150065,116.40763802534228,normal
2026-01-01 08:00:09.500000000,18.04727577801822,19.393885707716322,39.90401128404522,116.4076527900869,normal
2026-01-01 08:00:09.600000000,44.44180415596864,25.3638449379297,39.904023193863175,116.40762992330708,normal
2026-01-01 08:00:09.700000000,43.91582908269834,11.425142135678756,39.90401139596804,116.40763167278216,normal
2026-01-01 08:00:09.800000000,40.07670184963691,7.569929871871485,39.90400875258093,116.40763633364118,normal
2026-01-01 08:00:09.900000000,36.481192999372794,26.54311726420023,39.904010198160236,116.40762197234551,normal
2026-01-01 08:00:10.000000000,18.769438869243785,23.01127620878013,39.90398019372301,116.40761021521942,normal
2026-01-01 08:00:10.100000000,33.69032015851961,12.783587565139918,39.90396461698215,116.40761482743639,normal
2026-01-01 08:00:10.200000000,34.85928225209846,13.042695349802445,39.903991638440004,116.40759215901602,normal
2026-01-01 08:00:10.300000000,27.965840961675717,29.003478275318155,39.90400936226377,116.40759915749032,normal
2026-01-01 08:00:10.400000000,37.580714325009865,10.484704857061377,39.90400810947222,116.40758125040286,normal
2026-01-01 08:00:10.500000000,46.060762852218076,33.141383626047705,39.9040129719414,116.40760250747671,warning
2026-01-01 08:00:10.600000000,68.29278851815795,12.79503412281705,39.90400708709129,116.40764926403162,normal
2026-01-01 08:00:10.700000000,42.61866719247759,25.107135404867066,39.904034218759,116.4076320488956,normal
2026-01-01 08:00:10.800000000,43.86325586084146,17.371052194008122,39.90403021170744,116.40764273305284,warning
2026-01-01 08:00:10.900000000,38.883311263507494,24.825499448658746,39.90403484854929,116.40762819821474,normal
2026-01-01 08:00:11.000000000,11.218431770514378,15.64708798308646,39.90405776915217,116.40764901729821,normal
2026-01-01 08:00:11.100000000,39.602291868261744,18.697656751421647,39.90404222172247,116.40762371213003,normal
2026-01-01 08:00:11.200000000,40.9034531491154,20.32735340316577,39.90407339750616,116.4076333238652,normal
2026-01-01 08:00:11.300000000,76.94863168727929,11.982500353748218,39.90404278827797,116.40761586408587,normal
2026-01-01 08:00:11.400000000,37.114585528283165,25.926594763361006,39.90407538112059,116.40761172439409,normal
2026-01-01 08:00:11.500000000,44.523210135004184,15.894291468227319,39.904067927608914,116.40759110388858,normal
2026-01-01 08:00:11.600000000,39.47932345442135,18.171200677279852,39.90406307363396,116.40760755089799,normal
2026-01-01 08:00:11.700000000,22.46982943570702,12.045205003131901,39.904025273430534,116.40759081129092,normal
2026-01-01 08:00:11.800000000,57.14234221772531,-0.498669270362484,39.904016177536185,116.4076018505761,normal
2026-01-01 08:00:11.900000000,51.27899549030161,18.47177789919865,39.903995381405565,116.40759496861553,normal
2026-01-01 08:00:12.000000000,51.865479205645705,39.30092337290333,39.90398322847866,116.40759267916809,normal
2026-01-01 08:00:12.100000000,26.359188178078917,26.27683430318419,39.90398048225934,116.40759563428624,normal
2026-01-01 08:00:12.200000000,61.041914664041485,19.845916962124843,39.903999638091626,116.40758039779281,normal
2026-01-01 08:00:12.300000000,18.972234058115788,17.896873366333857,39.904003790158654,116.40758460513509,normal
2026-01-01 08:00:12.400000000,48.80285640700406,20.179727142496372,39.904009943691726,116.40761521182637,normal
2026-01-01 08:00:12.500000000,72.85683438714968,24.37695292140168,39.903988033303946,116.40759964993065,normal
2026-01-01 08:00:12.600000000,25.141955123039676,10.553497477529241,39.90397041822216,116.40762308613351,normal
2026-01-01 08:00:12.700000000,31.50553405595842,28.914573557350977,39.90400639272252,116.40765304808619,normal
2026-01-01 08:00:12.800000000,41.49477047631462,25.723050523529952,39.90399168870183,116.4076367249864,normal
2026-01-01 08:00:12.900000000,32.44786518825701,25.745485805663478,39.90402481286687,116.40760762389431,normal
2026-01-01 08:00:13.000000000,16.74004853400801,23.507805910477817,39.904019951642894,116.4076136631123,normal
2026-01-01 08:00:13.100000000,41.02844462209041,20.15693326155192,39.90401999740161,116.40760271496185,normal
2026-01-01 08:00:13.200000000,24.065444294108428,25.38288988773456,39.90404140470482,116.40764008702624,warning
2026-01-01 08:00:13.300000000,47.10388645952772,24.734513069931026,39.904066842553256,116.40764078317704,normal
2026-01-01 08:00:13.400000000,26.208636486492953,17.16767431247181,39.90406462630205,116.40762473918889,normal
2026-01-01 08:00:13.500000000,63.24901607526309,15.411185816824792,39.904056861440985,116.40760179599866,normal
2026-01-01 08:00:13.600000000,28.251200614956446,20.814850362095893,39.90405574303201,116.40762359409784,normal
2026-01-01 08:00:13.700000000,35.16907725691487,32.3921612119615,39.904062502182576,116.40761217041836,normal
2026-01-01 08:00:13.800000000,52.202758260545046,10.087143394768793,39.90408032825631,116.40761304699436,normal
2026-01-01 08:00:13.900000000,21.53703525349067,8.25979787398048,39.904080412853496,116.40763216304926,normal
2026-01-01 08:00:14.000000000,43.41189901906194,21.318086729892133,39.904092790579455,116.40762247788221,normal
2026-01-01 08:00:14.100000000,59.60714131423642,20.407101614848145,39.9041255577741,116.40762155930564,normal
2026-01-01 08:00:14.200000000,15.887751481581589,21.386733314963266,39.904133183966344,116.40762122793744,normal
2026-01-01 08:00:14.300000000,42.769507877984566,21.951625583268,39.904139417023465,116.40763489442767,normal
2026-01-01 08:00:14.400000000,43.89824191372635,18.21438196292156,39.904109038806965,116.40764670931439,normal
2026-01-01 08:00:14.500000000,51.72734307665966,31.91890750881666,39.90405642420423,116.40764230703977,normal
2026-01-01 08:00:14.600000000,21.445739336828773,7.192768172187876,39.90406419171881,116.40764358002099,normal
2026-01-01 08:00:14.700000000,20.193150803735854,13.372023801758033,39.90406229523418,116.40763614444076,normal
2026-01-01 08:00:14.800000000,47.829123484253465,19.17396191880762,39.90405199958069,116.40760659219262,normal
2026-01-01 08:00:14.900000000,44.45477009849779,6.854489510766662,39.90405687018477,116.40761174420977,normal
2026-01-01 08:00:15.000000000,43.75739275518815,18.59316476454343,39.90405566211019,116.40764958804499,normal
2026-01-01 08:00:15.100000000,45.19672314245464,33.29176132582415,39.9040782177152,116.40763191366217,normal
2026-01-01 08:00:15.200000000,29.79962917632264,20.167091906367695,39.904079939932565,116.40761645306799,normal
2026-01-01 08:00:15.300000000,43.48380545741505,21.845607245749466,39.90406500146686,116.40759903851254,normal
2026-01-01 08:00:15.400000000,44.39608709948022,9.918681878619358,39.904084804791644,116.40761353034813,normal
2026-01-01 08:00:15.500000000,29.28472872960448,15.06910873568418,39.90408046217014,116.4076225000572,warning
2026-01-01 08:00:15.600000000,67.98661766717134,16.998428957408503,39.90409099290382,116.40761932930336,normal
2026-01-01 08:00:15.700000000,47.10749381367681,17.45827922595013,39.904081444689695,116.40760096892213,normal
2026-01-01 08:00:15.800000000,22.130447541960272,30.253150360030148,39.90406844815198,116.40760281645795,normal
2026-01-01 08:00:15.900000000,49.84830412950745,24.461528485800997,39.90407013151658,116.40757152401541,normal
2026-01-01 08:00:16.000000000,25.379774946590178,11.108336344503744,39.90407038808946,116.40757439254675,normal
2026-01-01 08:00:16.100000000,51.806269056136784,21.97203822745604,39.904079984630165,116.40759182303447,normal
2026-01-01 08:00:16.200000000,57.378933685111065,23.98577398797428,39.904074611715096,116.40756679905174,normal
2026-01-01 08:00:16.300000000,27.689765224724344,29.12119230817013,39.904037884519425,116.4075361486862,error
2026-01-01 08:00:16.400000000,54.45064193866483,32.64432549254699,39.904029229041754,116.40756773744404,normal
2026-01-01 08:00:16.500000000,46.191713904047475,11.87924646537705,39.90404510541109,116.40755550225124,normal
2026-01-01 08:00:16.600000000,52.33090239991735,13.513139910317294,39.90403915788951,116.40757822120817,normal
2026-01-01 08:00:16.700000000,68.4518947398092,9.93937712868307,39.90403423022146,116.40757514125487,normal
2026-01-01 08:00:16.800000000,36.31917825995694,18.127841127144148,39.90405395775158,116.40757190215852,normal
2026-01-01 08:00:16.900000000,28.693957534637654,23.730866995570675,39.90403971828703,116.40758067041251,normal
2026-01-01 08:00:17.000000000,26.65728355561715,27.898676132712815,39.90400886222267,116.40756299043538,warning
2026-01-01 08:00:17.100000000,27.762845725518424,19.392391810859817,39.90400564960028,116.40756564037825,normal
2026-01-01 08:00:17.200000000,38.843474358788434,17.441219813961247,39.90399596612125,116.40755801058995,warning
2026-01-01 08:00:17.300000000,45.117279622249654,21.214063937989923,39.90397664119486,116.40753160072109,normal
2026-01-01 08:00:17.400000000,44.150361989950284,13.318856786959817,39.90397313362574,116.40753835036257,normal
2026-01-01 08:00:17.500000000,52.40774873554036,36.71630977355819,39.903982963738684,116.40753308420643,normal
2026-01-01 08:00:17.600000000,40.19502837816861,7.1387117830555304,39.90398277796745,116.40752994370987,normal
2026-01-01 08:00:17.700000000,61.80301115735975,21.477924631165795,39.903988917588904,116.407505740491,normal
2026-01-01 08:00:17.800000000,36.03014750143066,36.18884975383712,39.904025185742874,116.40753756849836,normal
2026-01-01 08:00:17.900000000,80.80253749884429,20.054398756479983,39.90401832816565,116.40755510278208,normal
2026-01-01 08:00:18.000000000,49.385010216475095,18.479687719988043,39.90402389513834,116.40757438589976,normal
2026-01-01 08:00:18.100000000,,17.14043661751658,39.904013710871084,116.40756827700572,normal
2026-01-01 08:00:18.200000000,23.936612529083316,18.55686654590074,39.90399678367669,116.40753369334793,warning
2026-01-01 08:00:18.300000000,47.23708622864778,30.982787797412243,39.90398508552362,116.40757275169558,normal
2026-01-01 08:00:18.400000000,36.64805822011223,2.3051047093639454,39.90397551035219,116.40757152974543,normal
2026-01-01 08:00:18.500000000,50.71000741138138,32.267469610370604,39.90398269986814,116.4075565537495,normal
2026-01-01 08:00:18.600000000,47.09856436860317,8.60834278039884,39.904029681383875,116.40756488978099,normal
2026-01-01 08:00:18.700000000,38.90756631014691,17.86678136612468,39.904015360515146,116.40758823219674,normal
2026-01-01 08:00:18.800000000,27.298094228973923,16.566044637610705,39.90400702800903,116.40758777118563,normal
2026-01-01 08:00:18.900000000,17.277291629712032,24.708426158165757,39.904005765548774,116.40761334268899,normal
2026-01-01 08:00:19.000000000,33.302275718994686,7.215005184930019,39.90401368152575,116.40763500268775,normal
2026-01-01 08:00:19.100000000,52.84598191485209,23.697381328655542,39.90401895254199,116.40761347506401,normal
2026-01-01 08:00:19.200000000,43.21140616195306,36.194476986294816,39.90404463445787,116.40759999926189,normal
2026-01-01 08:00:19.300000000,21.31391831932018,9.094607963257516,39.903996106616454,116.40761915000516,normal
2026-01-01 08:00:19.400000000,42.59771388776773,21.517649340883164,39.90394836801905,116.40756489775389,normal
2026-01-01 08:00:19.500000000,,14.704142577627128,39.90393845045561,116.40756190864002,normal
2026-01-01 08:00:19.600000000,26.742138456983007,23.407097649544287,39.90396039645936,116.40753329201598,normal
2026-01-01 08:00:19.700000000,,20.153182219326016,39.90392908349873,116.40752376093995,normal
2026-01-01 08:00:19.800000000,40.87313077669,14.868104727645523,39.903868930851935,116.40751778453817,normal
2026-01-01 08:00:19.900000000,22.855445532540653,23.902978278968593,39.90388035444006,116.40751061965062,normal
2026-01-01 08:00:20.000000000,45.36681040522425,34.43478487829395,39.90388522758454,116.40749957442557,normal
2026-01-01 08:00:20.100000000,48.41176789552352,18.47276966618161,39.9038634234164,116.40747763155258,normal
2026-01-01 08:00:20.200000000,56.245768647629156,25.758063537185457,39.903843712624386,116.40752346977793,normal
2026-01-01 08:00:20.300000000,55.80703078052355,9.65381633703069,39.903824317749994,116.407560819018,normal
2026-01-01 08:00:20.400000000,19.334959480643633,12.34850898545593,39.90382652845634,116.4075375777016,normal
2026-01-01 08:00:20.500000000,25.93262440127316,23.779250223043018,39.90381400215082,116.40756922003662,normal
2026-01-01 08:00:20.600000000,47.7255290081299,31.87292822828772,39.9038238834292,116.40756123072681,normal
2026-01-01 08:00:20.700000000,47.706789263683135,22.84490679028528,39.903766790895936,116.40756381447628,normal
2026-01-01 08:00:20.800000000,47.72571529459072,17.495535755814764,39.90374965385864,116.40756254899709,normal
2026-01-01 08:00:20.900000000,97.79097235982081,19.99433124338683,39.903727132779416,116.40754935402425,normal
2026-01-01 08:00:21.000000000,48.56335766039751,9.99673812824226,39.903722005965854,116.40756903107113,normal
2026-01-01 08:00:21.100000000,57.03348460270898,24.836122610842935,39.90371124501068,116.40757154880174,normal
2026-01-01 08:00:21.200000000,54.310026452398034,27.058664498587273,39.90372720188628,116.40756201777327,normal
2026-01-01 08:00:21.300000000,49.77086876958697,16.383277337335358,39.90369001515084,116.4075359259844,normal
2026-01-01 08:00:21.400000000,35.27096133039482,16.23966281792399,39.903690924980374,116.40751805408414,normal
2026-01-01 08:00:21.500000000,51.38453830739901,22.127025837216387,39.90370209170884,116.40748522648181,normal
2026-01-01 08:00:21.600000000,28.407621781936424,16.506242111675235,39.90373922465757,116.40748547095278,normal
2026-01-01 08:00:21.700000000,36.44772089889987,19.47093908299342,39.90372958933815,116.40746153764094,normal
2026-01-01 08:00:21.800000000,32.71954678256345,36.79777431333213,39.903736078510235,116.40745622643068,normal
2026-01-01 08:00:21.900000000,41.22811209079484,18.023794394032027,39.90370000125438,116.40748362846776,normal
2026-01-01 08:00:22.000000000,74.71987850010262,17.13327878383022,39.90365216213029,116.40750761445922,normal
2026-01-01 08:00:22.100000000,11.99102211112378,14.819665554918727,39.90366905761781,116.40750696892134,normal
2026-01-01 08:00:22.200000000,50.2939028556177,25.953535771999494,39.90366894641194,116.40750522722682,warning
2026-01-01 08:00:22.300000000,15.809261932155223,18.550206614255178,39.903692516665735,116.40754282471781,normal
2026-01-01 08:00:22.400000000,32.9210220131585,14.805015693428592,39.903665048607955,116.40755323984021,normal
2026-01-01 08:00:22.500000000,56.33425895451049,30.5704322581841,39.903675446650745,116.40754668371102,normal
2026-01-01 08:00:22.600000000,40.96420028643194,31.356824036109096,39.90371282300756,116.40751816334867,normal
2026-01-01 08:00:22.700000000,23.83382833106041,15.196611474090359,39.903721217119724,116.40752604081304,normal
2026-01-01 08:00:22.800000000,29.270444361100477,5.06768038911507,39.90372674874983,116.40754262728848,normal
2026-01-01 08:00:22.900000000,50.19396623402014,28.060109518695377,39.90372691987145,116.407529994258,normal
2026-01-01 08:00:23.000000000,29.04450052424295,14.522961393919967,39.90369550224231,116.4075358183131,normal
2026-01-01 08:00:23.100000000,43.246878843729625,26.32500479330215,39.90372261370102,116.4075285468472,normal
2026-01-01 08:00:23.200000000,40.68357759855721,4.239169458305316,39.90371039654823,116.40752486619921,normal
2026-01-01 08:00:23.300000000,30.225994785912743,27.140778706394475,39.90372048621335,116.40747510975807,normal
2026-01-01 08:00:23.400000000,72.15916133987989,10.31062456575375,39.90368922552722,116.40747067413,error
2026-01-01 08:00:23.500000000,49.50878533477017,25.846112952532195,39.90366563633393,116.40749006151604,normal
2026-01-01 08:00:23.600000000,9.622861200135894,20.114184542691472,39.90369433808192,116.40747743346493,normal
2026-01-01 08:00:23.700000000,42.796814721541416,12.368484644826841,39.90368739203614,116.40747848399229,normal
2026-01-01 08:00:23.800000000,30.073203028474182,16.743709496585755,39.90371645754566,116.40746336497816,normal
2026-01-01 08:00:23.900000000,52.78650002194336,25.490547655653607,39.90371489293248,116.40747057381168,normal
2026-01-01 08:00:24.000000000,28.112188923509493,20.847155624921875,39.90367805497702,116.40746624334773,normal
2026-01-01 08:00:24.100000000,38.278953377996515,24.675303843779872,39.90369589632901,116.40744745851691,normal
2026-01-01 08:00:24.200000000,47.57480918470686,35.81152467612388,39.90368409848266,116.40747410954627,normal
2026-01-01 08:00:24.300000000,52.98632791255182,7.486067106311589,39.903698072258926,116.40749268818654,normal
2026-01-01 08:00:24.400000000,21.995553894163358,32.93770059974899,39.90369857647628,116.40748059005126,normal
2026-01-01 08:00:24.500000000,34.98248146238578,20.834847500185703,39.90366771411172,116.40749054581745,normal
2026-01-01 08:00:24.600000000,32.87582033258566,12.809727613414974,39.90367100000703,116.40750129405751,normal
2026-01-01 08:00:24.700000000,30.200061511394324,9.357490994088081,39.903714924469874,116.40751414008221,warning
2026-01-01 08:00:24.800000000,66.48181360421646,18.487036873783733,39.90372478419904,116.40748025496428,normal
2026-01-01 08:00:24.900000000,46.07472566441433,27.373200895395676,39.90372363384398,116.40750038709511,normal
2026-01-01 08:00:25.000000000,21.086740684974323,18.979607036979726,39.90374514071202,116.40748899311585,normal
2026-01-01 08:00:25.100000000,53.767929205821645,32.089239441978776,39.90374935408133,116.40748183655718,normal
2026-01-01 08:00:25.200000000,71.8323429551895,8.390594479587529,39.903753544765934,116.40753459419223,normal
2026-01-01 08:00:25.300000000,55.486978908267204,19.903288417231565,39.903731712262484,116.40754063165984,normal
2026-01-01 08:00:25.400000000,17.2094505106898,9.980852444695048,39.903736389223006,116.40753290521033,normal
2026-01-01 08:00:25.500000000,32.73648890700623,22.909055060999744,39.90375709809133,116.40748879932288,normal
2026-01-01 08:00:25.600000000,59.00366723779934,27.095099120778404,39.90374037684829,116.40751659460555,normal
2026-01-01 08:00:25.700000000,29.38495801571829,16.633905650551576,39.903768866764715,116.40748969041213,normal
2026-01-01 08:00:25.800000000,46.657291422193424,-0.8337108530170738,39.90376703264423,116.40746962163406,normal
2026-01-01 08:00:25.900000000,51.61951080144005,21.591585174371957,39.903749277254,116.40746299458809,normal
2026-01-01 08:00:26.000000000,26.096042926328757,23.493908413868077,39.90376922989554,116.40749132282393,normal
2026-01-01 08:00:26.100000000,39.107119659073,23.234358039693582,39.903763494010825,116.40750678762366,normal
2026-01-01 08:00:26.200000000,-8.619010101036089,29.886257534577233,39.90377868430858,116.40750363087346,normal
2026-01-01 08:00:26.300000000,24.634185379985652,11.43157056280761,39.903772849135926,116.40750979671473,normal
2026-01-01 08:00:26.400000000,36.2114777291026,25.441728843603595,39.90377165261306,116.40749778900087,warning
2026-01-01 08:00:26.500000000,21.283252270527257,29.540060099823798,39.903781523817145,116.40750058207466,normal
2026-01-01 08:00:26.600000000,64.48616955897452,5.771299327947865,39.903787341758296,116.40750204880956,normal
2026-01-01 08:00:26.700000000,18.54787933059051,22.557214607351817,39.90374743112269,116.40752142420747,normal
2026-01-01 08:00:26.800000000,33.39933269954524,15.966561351938628,39.90372500624789,116.40754076776993,normal
2026-01-01 08:00:26.900000000,41.96110865929137,19.34781861518683,39.90374359444758,116.40755064731756,normal
2026-01-01 08:00:27.000000000,61.619099335991734,22.78141186830669,39.903740951715804,116.40754340036642,normal
2026-01-01 08:00:27.100000000,18.46206773230841,16.10217148709158,39.903730477089745,116.4075582368123,normal
2026-01-01 08:00:27.200000000,57.447456282324396,14.594335366707107,39.90370330560944,116.40755639744299,normal
2026-01-01 08:00:27.300000000,,20.273219339904198,39.90368171088302,116.40753475915561,normal
2026-01-01 08:00:27.400000000,25.27737023428074,11.302032489097579,39.90364127491022,116.40752669339977,normal
2026-01-01 08:00:27.500000000,46.93155211394906,11.313398968918516,39.90363924929584,116.40752838393945,normal
2026-01-01 08:00:27.600000000,42.98589543360205,25.43498626365203,39.903627280544235,116.40754658825512,normal
2026-01-01 08:00:27.700000000,30.99674684261808,10.809647718730751,39.903607948786416,116.40754291769167,normal
2026-01-01 08:00:27.800000000,41.04703127485028,25.330500007273695,39.903606586317906,116.40751873371745,normal
2026-01-01 08:00:27.900000000,34.220296047073596,23.70073034283161,39.90361386573053,116.40751986855112,normal
2026-01-01 08:00:28.000000000,41.70276017876872,6.193546169675226,39.90365572968917,116.40752213767192,normal
2026-01-01 08:00:28.100000000,49.9319601178157,14.57948278131476,39.90362549202078,116.40752585442449,normal
2026-01-01 08:00:28.200000000,63.79025224218028,29.55287522437898,39.90364867964165,116.40754425185482,normal
2026-01-01 08:00:28.300000000,21.432767517597263,12.150675750882547,39.90366814167287,116.40756463031961,normal
2026-01-01 08:00:28.400000000,71.995500619844,16.2847659015249,39.90365255981808,116.40755274610217,normal
2026-01-01 08:00:28.500000000,10.718683007162472,23.696487146015173,39.90365662453717,116.407540423233,normal
2026-01-01 08:00:28.600000000,37.72322357446625,26.267124074260764,39.90364747187218,116.40751961925879,normal
2026-01-01 08:00:28.700000000,48.82475809726865,17.987688911644035,39.90365118564379,116.40753359557219,normal
2026-01-01 08:00:28.800000000,44.21487801602549,15.219918442466867,39.90368136826406,116.40756257197437,normal
2026-01-01 08:00:28.900000000,30.659507202691096,31.378958893588063,39.90369348038871,116.4075562703358,normal
2026-01-01 08:00:29.000000000,36.87816624464087,33.91119731038063,39.903703652556175,116.40755144172451,normal
2026-01-01 08:00:29.100000000,388.98683757146887,27.830864406254364,39.903695046369776,116.40758077737564,normal
2026-01-01 08:00:29.200000000,31.15952864583683,20.682545140520194,39.90366536523648,116.40759088853271,normal
2026-01-01 08:00:29.300000000,52.744031455315366,13.53387422687259,39.90366119587227,116.4075996132468,normal
2026-01-01 08:00:29.400000000,45.35523228947571,13.356444747547478,39.903685328035365,116.40757579491668,normal
2026-01-01 08:00:29.500000000,29.606356071090186,24.18011284212606,39.90365478467823,116.40758936947807,normal
2026-01-01 08:00:29.600000000,53.493998131498756,-4.341840999178556,39.90363368289087,116.40757078675126,normal
2026-01-01 08:00:29.700000000,44.60949281314914,31.212788743571437,39.903636208245594,116.40754810634755,normal
2026-01-01 08:00:29.800000000,52.1929317825844,25.20360074028911,39.9036165151499,116.407541170916,normal
2026-01-01 08:00:29.900000000,49.44443262885419,7.975357585921456,39.90360066468096,116.40752945506154,normal
2026-01-01 08:00:30.000000000,27.565074836168918,28.415580941783347,39.90359219270932,116.40752502306765,normal
2026-01-01 08:00:30.100000000,31.597284397045456,12.015514981484696,39.90356488036124,116.40749620343496,normal
2026-01-01 08:00:30.200000000,51.20940407684893,16.928229824381187,39.90354539792431,116.4075153797611,normal
2026-01-01 08:00:30.300000000,49.155553981501974,22.001601650013555,39.90355946648265,116.40753793348698,warning
2026-01-01 08:00:30.400000000,,35.96533991827172,39.903533319087,116.40749898663749,normal
2026-01-01 08:00:30.500000000,41.75991074963173,44.87934844804289,39.90350136164432,116.40751855579362,normal
2026-01-01 08:00:30.600000000,59.16497343682637,24.853784473089462,39.90348876114472,116.40750234522102,normal
2026-01-01 08:00:30.700000000,31.12642916746255,18.534427050236896,39.90350340025478,116.40751948473175,normal
2026-01-01 08:00:30.800000000,48.20646071755057,24.276045187844403,39.90349946181861,116.4075181158019,normal
2026-01-01 08:00:30.900000000,36.96711021349159,27.10124340699069,39.90349017019705,116.40751869131319,error
2026-01-01 08:00:31.000000000,36.73478195159169,17.434658995542467,39.903491057373,116.4075149893602,normal
2026-01-01 08:00:31.100000000,56.48165277980785,34.361690847298576,39.903456143224346,116.40753923194428,warning
2026-01-01 08:00:31.200000000,52.38124523482045,21.840566073531217,39.903466037337424,116.40751444018403,normal
2026-01-01 08:00:31.300000000,52.20264454000958,23.981944712731153,39.90347370603805,116.4075265969908,normal
2026-01-01 08:00:31.400000000,59.582182107314935,25.32739401643569,39.90346551986857,116.4075486235941,normal
2026-01-01 08:00:31.500000000,40.31505762449139,23.372692884915644,39.9034856383588,116.40756295039571,normal
2026-01-01 08:00:31.600000000,50.22929456942446,26.7115240037569,39.90346308843682,116.407609444374,normal
2026-01-01 08:00:31.700000000,35.34599865109816,15.061974507624615,39.90348564661669,116.40759886543874,normal
2026-01-01 08:00:31.800000000,44.86249528732663,15.533585968431755,39.90348873649,116.40761801153519,normal
2026-01-01 08:00:31.900000000,38.047854184484734,11.19876613622644,39.9034820054382,116.40761588972249,normal
2026-01-01 08:00:32.000000000,41.45493947489077,23.51600984496181,39.903481607965496,116.40764055784402,normal
2026-01-01 08:00:32.100000000,48.9273553815537,26.231492028096913,39.90347946267018,116.4076404040641,normal
2026-01-01 08:00:32.200000000,27.72668975149791,23.662182929215085,39.90350386832811,116.40763264654846,warning
2026-01-01 08:00:32.300000000,71.3858091352819,33.3959394667803,39.90348233474556,116.40765876799254,normal
2026-01-01 08:00:32.400000000,24.90973927750447,19.955231849367628,39.90346708436078,116.40764893675376,normal
2026-01-01 08:00:32.500000000,21.78717080818402,25.3499332447401,39.90348781041862,116.40762068223859,normal
2026-01-01 08:00:32.600000000,57.37166310250102,11.266392990885485,39.903475899719915,116.40761034530092,normal
2026-01-01 08:00:32.700000000,51.87494040944404,16.903202380204792,39.90349391038146,116.40762272595985,normal
2026-01-01 08:00:32.800000000,49.36179725578233,25.56430206052622,39.90352789910112,116.40765056673489,normal
2026-01-01 08:00:32.900000000,49.4251826389642,26.79281688594515,39.90351986320058,116.40765278932238,normal
2026-01-01 08:00:33.000000000,39.81629840729628,17.64826441868654,39.90353349044711,116.40767915326373,normal
2026-01-01 08:00:33.100000000,26.541184427712526,19.427205985135465,39.903510416601485,116.4076519897653,normal
2026-01-01 08:00:33.200000000,41.137068372905894,7.8570100265535245,39.903525511267446,116.407643124496,normal
2026-01-01 08:00:33.300000000,29.842574327318324,17.143766393547125,39.903529499747165,116.40763735299366,normal
2026-01-01 08:00:33.400000000,54.62679600126627,27.12306530815829,39.90353896051281,116.40763506180511,normal
2026-01-01 08:00:33.500000000,37.79413927746792,24.60164012885253,39.90352604907137,116.40763674369288,normal
2026-01-01 08:00:33.600000000,,24.005325771049677,39.903492827403056,116.40765056191202,normal
2026-01-01 08:00:33.700000000,-38.18558806342429,20.39818949744768,39.90350289244435,116.40764166577526,normal
2026-01-01 08:00:33.800000000,46.193971814134365,20.05650526902541,39.9034616243813,116.40764444634901,normal
2026-01-01 08:00:33.900000000,31.54413170794038,14.717430884212423,39.90345527737146,116.4076435438912,normal
2026-01-01 08:00:34.000000000,27.666694066503528,25.590627361620278,39.90347410100879,116.40762502609311,normal
2026-01-01 08:00:34.100000000,43.65530817237868,23.367783555115118,39.903477938963505,116.40762275275934,normal
2026-01-01 08:00:34.200000000,43.674498566630845,23.936150783942395,39.9035169058164,116.40761987956874,normal
2026-01-01 08:00:34.300000000,32.39585236943305,15.791721258659358,39.90353740799945,116.40761657795744,normal
2026-01-01 08:00:34.400000000,32.93442541572516,2.773256641030045,39.903524330031686,116.40761721314657,normal
2026-01-01 08:00:34.500000000,43.480749060364545,28.777221694029564,39.90352487629928,116.40761872661739,normal
2026-01-01 08:00:34.600000000,18.27873487754014,16.169300351932765,39.90352392888523,116.4076100807138,normal
2026-01-01 08:00:34.700000000,18.888043384351672,13.097793887655035,39.90349228534996,116.40763553500848,normal
2026-01-01 08:00:34.800000000,29.22333668121346,25.54783129531195,39.903473477371634,116.4076121453959,normal
2026-01-01 08:00:34.900000000,36.798292724322295,16.863898880646964,39.9034622621535,116.40759772599372,normal
2026-01-01 08:00:35.000000000,44.66361348397007,28.479491072372973,39.90342153774344,116.40765332526621,normal
2026-01-01 08:00:35.100000000,62.13034325424328,24.93604759661358,39.9034224876128,116.40763256543912,normal
2026-01-01 08:00:35.200000000,52.86489434803029,25.46855458560382,39.90341750617591,116.40760549034562,normal
2026-01-01 08:00:35.300000000,37.60092205054859,9.072354310395726,39.90338404829788,116.40762017988052,normal
2026-01-01 08:00:35.400000000,39.71475688145967,29.695551883091206,39.90339213255519,116.40757863748344,normal
2026-01-01 08:00:35.500000000,24.962059530432867,22.090004249870848,39.90340645001008,116.40757393200525,normal
2026-01-01 08:00:35.600000000,39.72230296011415,17.045782886030374,39.90341099069966,116.40761684850375,normal
2026-01-01 08:00:35.700000000,35.670120416197925,21.147107738738008,39.903404509336156,116.4075859497853,normal
2026-01-01 08:00:35.800000000,44.84077840507134,5.79011813681344,39.90341633817919,116.40754631049559,normal
2026-01-01 08:00:35.900000000,27.591535846715153,23.269222491845365,39.9034299425864,116.40751632687154,normal
2026-01-01 08:00:36.000000000,47.79019771361759,11.765027934543427,39.9034360906578,116.40753429406291,normal
2026-01-01 08:00:36.100000000,62.99108369503867,9.178637713251725,39.90341959841279,116.40755678959731,normal
2026-01-01 08:00:36.200000000,38.36859777314714,7.821126510256871,39.9034251304281,116.40754653782137,normal
2026-01-01 08:00:36.300000000,46.02567583148412,28.901506999919402,39.90344904004111,116.40756020206946,normal
2026-01-01 08:00:36.400000000,50.352159875666686,14.96589285045769,39.90343710745994,116.407588007176,normal
2026-01-01 08:00:36.500000000,33.98169292171246,32.269821679332,39.903479066246724,116.40762375410429,normal
2026-01-01 08:00:36.600000000,43.36138722715625,15.713588295581618,39.903468553628045,116.40761882739866,normal
2026-01-01 08:00:36.700000000,40.18888601172692,6.341136339256426,39.90346920176831,116.40757279796432,normal
2026-01-01 08:00:36.800000000,41.465141478232475,11.067804480410727,39.90345575205639,116.40755638038587,normal
2026-01-01 08:00:36.900000000,28.404853242168002,29.88649296005551,39.90346021747311,116.40754784430197,normal
2026-01-01 08:00:37.000000000,40.36765261388414,18.75281457650666,39.903425373039255,116.40754266552604,normal
2026-01-01 08:00:37.100000000,47.46997436868175,15.613701628075193,39.90341445220328,116.40753890833801,normal
2026-01-01 08:00:37.200000000,61.767154116925624,21.2801458068223,39.903392609779274,116.40756128622998,normal
2026-01-01 08:00:37.300000000,54.3890623912781,24.01426188934036,39.90339531654623,116.40758677479852,normal
2026-01-01 08:00:37.400000000,72.29773686267335,28.939190527219687,39.903415205493744,116.40758334132543,normal
2026-01-01 08:00:37.500000000,28.489786556679256,31.587993839143408,39.90342812561748,116.40760531102295,normal
2026-01-01 08:00:37.600000000,53.08480955081017,17.121850833687315,39.90338069243027,116.40761246425029,normal
2026-01-01 08:00:37.700000000,42.75013008607527,9.391618511343694,39.90342153382333,116.40761375436975,normal
2026-01-01 08:00:37.800000000,72.8470439982651,16.692278711013792,39.90342743942214,116.40763188525288,normal
2026-01-01 08:00:37.900000000,27.87552571967273,22.08224405266309,39.90341190943933,116.40763333029385,normal
2026-01-01 08:00:38.000000000,27.40417236728836,12.289928590315114,39.903415051997705,116.4076744865174,normal
2026-01-01 08:00:38.100000000,31.009110318339665,12.342792680839658,39.903418575794156,116.40764571829405,normal
2026-01-01 08:00:38.200000000,8.141564135352898,22.750303052399083,39.903405238819815,116.40763541487607,normal
2026-01-01 08:00:38.300000000,32.113674674788584,19.61078118743639,39.90340919715317,116.40763288449814,normal
2026-01-01 08:00:38.400000000,28.61301007669453,20.26237596329269,39.903397047707415,116.40764167355195,normal
2026-01-01 08:00:38.500000000,42.25590679714311,13.932037322399445,39.90338896046756,116.40766703276168,normal
2026-01-01 08:00:38.600000000,45.12633963665739,18.15679428635386,39.90337523488484,116.40766654479035,normal
2026-01-01 08:00:38.700000000,68.14256258823829,12.606134845853564,39.90334658145905,116.40763810019735,normal
2026-01-01 08:00:38.800000000,54.256357572790755,27.121587288998295,39.903349498188454,116.40765495047528,normal
2026-01-01 08:00:38.900000000,31.346445165063955,28.28199467779002,39.90336120417718,116.4076700496506,normal
2026-01-01 08:00:39.000000000,26.52377992977463,5.230497102095249,39.90337150184911,116.40763121247741,normal
2026-01-01 08:00:39.100000000,47.37878757259759,12.56391311846072,39.903387900354154,116.40763113639474,normal
2026-01-01 08:00:39.200000000,20.196501894690368,8.027765959279368,39.90339438715836,116.40759933355812,warning
2026-01-01 08:00:39.300000000,67.47188148781531,14.799808524744815,39.90338373264839,116.40758604053617,normal
2026-01-01 08:00:39.400000000,57.69160181081931,19.332496241677113,39.90340052592568,116.40756798435764,normal
2026-01-01 08:00:39.500000000,32.962365218429426,8.40283824241176,39.90337337557489,116.4075841696516,normal
2026-01-01 08:00:39.600000000,14.302982063636836,12.625121494997494,39.90335536214724,116.40758650625509,normal
2026-01-01 08:00:39.700000000,60.30808561248119,11.968341023348012,39.903336078145806,116.40756079443507,normal
2026-01-01 08:00:39.800000000,38.28190232121073,21.658138635191552,39.90335767926699,116.40757839575433,normal
2026-01-01 08:00:39.900000000,58.56724467960193,20.554754696290004,39.903376535037275,116.40754971963786,normal
2026-01-01 08:00:40.000000000,16.083585118084493,14.226099573301973,39.90338628114201,116.40755632191366,normal
2026-01-01 08:00:40.100000000,31.009374655693406,-7.8070508871233955,39.90340771973932,116.40754004170027,normal
2026-01-01 08:00:40.200000000,40.07865549577275,15.626559323301876,39.90339013408367,116.40753272815863,normal
2026-01-01 08:00:40.300000000,40.70470890647113,17.826759117391575,39.903397105986066,116.40754281357358,normal
2026-01-01 08:00:40.400000000,33.249017927811344,33.387616722388294,39.9033946024975,116.40755324256156,normal
2026-01-01 08:00:40.500000000,49.34274898521248,30.723688414322783,39.90341154013958,116.40757998194304,normal
2026-01-01 08:00:40.600000000,23.985693559261083,9.603350104579219,39.90340923565493,116.40757833686905,warning
2026-01-01 08:00:40.700000000,37.8643077246806,26.637859343033398,39.903401536797155,116.4075844658863,normal
2026-01-01 08:00:40.800000000,41.804434475678484,26.491172435932736,39.90341235496753,116.40757571113986,normal
2026-01-01 08:00:40.900000000,47.71658251088124,10.813893689979054,39.90342987835087,116.40757935093751,normal
2026-01-01 08:00:41.000000000,50.674223171333345,26.550221150038887,39.90341651144698,116.40758814065848,normal
2026-01-01 08:00:41.100000000,23.130368622431963,32.30345534730042,39.90341528993355,116.40758617446151,normal
2026-01-01 08:00:41.200000000,16.988287438965667,11.019641550044689,39.903394121120876,116.40755009945184,normal
2026-01-01 08:00:41.300000000,59.16515232847763,12.659977431885892,39.90334415990053,116.40755672886976,normal
2026-01-01 08:00:41.400000000,44.98471017969388,28.14129173474802,39.90334816909316,116.40756402009931,normal
2026-01-01 08:00:41.500000000,28.772701951651698,22.171962486605185,39.90336034720028,116.40755041662979,normal
2026-01-01 08:00:41.600000000,63.26727963283784,24.411810201916186,39.90336558853646,116.40752472888906,normal
2026-01-01 08:00:41.700000000,41.73511951439288,22.724713731203973,39.903326597302105,116.40755424647207,normal
2026-01-01 08:00:41.800000000,57.689457760957396,23.125567367425152,39.90331958031351,116.4075640753823,normal
2026-01-01 08:00:41.900000000,41.01277722115164,9.388222973511336,39.903275213358306,116.40755949376167,warning
2026-01-01 08:00:42.000000000,70.91121887322981,28.378541652971585,39.90330260738045,116.40753675310401,normal
2026-01-01 08:00:42.100000000,66.33011263664807,29.356719939422188,39.90328088628881,116.40752031680744,warning
2026-01-01 08:00:42.200000000,36.2655377728139,18.16487404745578,39.903305994361006,116.40754636861537,normal
2026-01-01 08:00:42.300000000,54.57356426431533,19.6521844014891,39.90332491175388,116.40754912185419,normal
2026-01-01 08:00:42.400000000,49.680639243777215,7.751139979554223,39.90330689994683,116.40753811011285,normal
2026-01-01 08:00:42.500000000,60.52947336298523,24.114038048142678,39.9032842442478,116.40754830389749,normal
2026-01-01 08:00:42.600000000,25.52614809129843,24.57645953371315,39.90329125165213,116.40753201593373,normal
2026-01-01 08:00:42.700000000,50.29077189997659,19.50247186400551,39.903274365171384,116.40756203279433,normal
2026-01-01 08:00:42.800000000,55.876367302743816,28.99482687896402,39.90327641486423,116.40758908880504,normal
2026-01-01 08:00:42.900000000,,17.327382152160475,39.90326675831241,116.4075797573236,normal
2026-01-01 08:00:43.000000000,22.251122310013372,24.516847407148802,39.903231135144125,116.40756718391867,normal
2026-01-01 08:00:43.100000000,9.411517333598493,11.842685290463075,39.90318652578374,116.4075148212547,normal
2026-01-01 08:00:43.200000000,35.95889748333163,19.811582793006096,39.90319105946871,116.40748518963926,normal
2026-01-01 08:00:43.300000000,50.76313383693943,18.605165936777315,39.90317982831378,116.40745840024377,normal
2026-01-01 08:00:43.400000000,62.53535578144042,21.802463376327534,39.903168766517446,116.40746110405058,normal
2026-01-01 08:00:43.500000000,41.111421706296625,17.04378456933313,39.90318268379423,116.40745457937649,normal
2026-01-01 08:00:43.600000000,64.42923318356938,18.948219234626656,39.90320615263976,116.40742767266674,warning
2026-01-01 08:00:43.700000000,19.29847812677663,26.60837737153205,39.903200701745334,116.4074220493859,normal
2026-01-01 08:00:43.800000000,14.449263409672682,16.50588610209426,39.903193889771195,116.40743215612885,normal
2026-01-01 08:00:43.900000000,39.16678451655072,7.147383194090565,39.90320389263186,116.40744271291585,normal
2026-01-01 08:00:44.000000000,45.76098173408961,33.99667123364337,39.90317675392046,116.40740471951024,normal
2026-01-01 08:00:44.100000000,39.509578778588605,31.051632629523894,39.90318121698156,116.40740215424063,error
2026-01-01 08:00:44.200000000,8.988368499401851,9.66189843915505,39.903192254701,116.40737448742509,normal
2026-01-01 08:00:44.300000000,38.66319940730818,25.517662441961555,39.90320585930516,116.40739252199903,normal
2026-01-01 08:00:44.400000000,20.432957492427203,15.976201835589254,39.90316712425111,116.40740820492735,normal
2026-01-01 08:00:44.500000000,50.04508823245058,22.107897722648477,39.90315189714572,116.40739024438282,normal
2026-01-01 08:00:44.600000000,45.498973691452726,22.35379303210795,39.90313433188066,116.40737492347878,normal
2026-01-01 08:00:44.700000000,25.90180320508967,18.124737597469423,39.90313632961975,116.40736569813777,normal
2026-01-01 08:00:44.800000000,32.2919962399496,13.729874675308828,39.903145944511344,116.40732064226988,normal
2026-01-01 08:00:44.900000000,24.111797171665728,14.475671581469925,39.903175878719495,116.40732736163335,normal
2026-01-01 08:00:45.000000000,39.059813540902425,12.670464676150061,39.903165979409884,116.40732190474242,normal
2026-01-01 08:00:45.100000000,54.327134807518576,13.345422334156442,39.903156027959916,116.40734130824407,normal
2026-01-01 08:00:45.200000000,25.214109304966843,19.462573679605157,39.9031790214003,116.40731934005971,normal
2026-01-01 08:00:45.300000000,47.560697732767665,14.273920087113986,39.903184952939064,116.40730695760074,normal
2026-01-01 08:00:45.400000000,32.04613572441339,25.45641652570096,39.90321030596929,116.40727682709559,normal
2026-01-01 08:00:45.500000000,,31.897969242687417,39.90321608052935,116.40725674128431,normal
2026-01-01 08:00:45.600000000,38.394544600681634,15.359574069039656,39.90319293819697,116.4072331016444,normal
2026-01-01 08:00:45.700000000,24.47136516370939,21.915236004283017,39.90316627562988,116.40725302111797,normal
2026-01-01 08:00:45.800000000,31.69526041979227,23.99748088242347,39.9031352453849,116.40723905588099,normal
2026-01-01 08:00:45.900000000,22.031831611167274,23.776018167354195,39.90314848642159,116.40724153939469,normal
2026-01-01 08:00:46.000000000,69.47087699374583,20.6076421433287,39.903172258358055,116.40723392412661,normal
2026-01-01 08:00:46.100000000,40.52895327957593,25.941459346877778,39.903209245600884,116.4072085348213,normal
2026-01-01 08:00:46.200000000,29.504117380111218,23.857991621445258,39.90322610770753,116.40720516881282,normal
2026-01-01 08:00:46.300000000,43.20969866101333,10.098700621381617,39.90324936447908,116.40721715087946,normal
2026-01-01 08:00:46.400000000,38.31507925463755,26.953248515114186,39.90323776415243,116.40719299569162,normal
2026-01-01 08:00:46.500000000,36.685456007001655,27.09832669813394,39.90321463583609,116.40720917794742,normal
2026-01-01 08:00:46.600000000,49.21250050065138,13.893711166571347,39.90323163742274,116.407192183529,normal
2026-01-01 08:00:46.700000000,51.36261565070958,20.303502683580817,39.903239991037786,116.40718252385048,normal
2026-01-01 08:00:46.800000000,32.04248278584209,25.466631942488554,39.903242139925275,116.40719313751293,normal
2026-01-01 08:00:46.900000000,31.362726390329797,18.325489443365107,39.90324988735489,116.4071798687898,normal
2026-01-01 08:00:47.000000000,35.874224542725344,28.583824382128093,39.903256351064535,116.40718062028698,normal
2026-01-01 08:00:47.100000000,5.471182528966224,38.91097995695489,39.90328202740173,116.40717432647041,normal
2026-01-01 08:00:47.200000000,17.272134067021717,13.712111738920141,39.90330792711343,116.40717691383054,normal
2026-01-01 08:00:47.300000000,60.50311401166787,8.951643174769801,39.90331881152048,116.40712929904842,normal
2026-01-01 08:00:47.400000000,64.67451570251926,22.430548764839006,39.903335727577925,116.40709270541213,normal
2026-01-01 08:00:47.500000000,36.264459406654325,25.77250004100915,39.903346008828976,116.40710502475224,normal
2026-01-01 08:00:47.600000000,48.648354445836496,18.153069009241847,39.903336785434334,116.40712576838035,normal
2026-01-01 08:00:47.700000000,44.66875231815304,31.626085306568275,39.903351916727836,116.40710755864629,normal
2026-01-01 08:00:47.800000000,86.18321212682856,9.29115360221401,39.90332402682645,116.40710267807924,normal
2026-01-01 08:00:47.900000000,56.79362367151865,25.543348984252887,39.903345104657504,116.4071085724643,normal
2026-01-01 08:00:48.000000000,38.0812361277885,15.153113433928853,39.903321214198705,116.40712243681634,normal
2026-01-01 08:00:48.100000000,25.666893390993614,33.75502324965837,39.90332693026444,116.4070818832709,normal
2026-01-01 08:00:48.200000000,15.903305196136412,35.94012282534494,39.90331002718527,116.40706416246596,normal
2026-01-01 08:00:48.300000000,43.051954538008346,13.866747297733216,39.90332109496494,116.40705751087836,normal
2026-01-01 08:00:48.400000000,28.65473882073545,15.60354291273136,39.90332041646042,116.40707157368232,warning
2026-01-01 08:00:48.500000000,18.666194356034886,26.876703095838415,39.90328852134125,116.40712154229199,normal
2026-01-01 08:00:48.600000000,30.301406736362104,16.902954801683883,39.90329693533387,116.40711698217744,normal
2026-01-01 08:00:48.700000000,23.776779945784074,19.636710256542095,39.90328537691833,116.40708884262821,normal
2026-01-01 08:00:48.800000000,65.30712452608847,20.20310736433928,39.903302999852755,116.40709688798975,normal
2026-01-01 08:00:48.900000000,53.224596354241754,4.642614750418749,39.90330302636653,116.40712330790554,normal
2026-01-01 08:00:49.000000000,39.88041038025074,19.889298031246103,39.903310934786234,116.40712546818796,normal
2026-01-01 08:00:49.100000000,62.19916208335039,14.48217780748661,39.903291783407134,116.40710733521706,normal
2026-01-01 08:00:49.200000000,41.16052461471428,16.055017420801825,39.90327999676251,116.40712649509588,normal
2026-01-01 08:00:49.300000000,27.080736980076047,31.549056027750513,39.903270823989786,116.40713976600826,normal
2026-01-01 08:00:49.400000000,62.84686115904486,9.94794484576595,39.90328795803939,116.40711924439137,normal
2026-01-01 08:00:49.500000000,48.08365065526988,26.505641493983816,39.90332150558115,116.40712687290372,warning
2026-01-01 08:00:49.600000000,24.441307685103155,17.768296557345533,39.90330540214611,116.40714681821508,normal
2026-01-01 08:00:49.700000000,37.14491982874588,17.761918652033323,39.90332693910901,116.40717045601593,normal
2026-01-01 08:00:49.800000000,26.865726199228643,26.32297516841369,39.90328354556065,116.40716912703643,normal
2026-01-01 08:00:49.900000000,19.25800403553496,22.720410356551124,39.90325966177263,116.4071619654475,normal
2026-01-01 08:00:50.000000000,53.892663212974625,24.56490397775625,39.9032404862035,116.40718651092394,normal
2026-01-01 08:00:50.100000000,337.2940531028789,27.74547728426289,39.903213436029716,116.40716230771388,normal
2026-01-01 08:00:50.200000000,19.02148639271288,17.349532934533418,39.903181764261916,116.4071710792997,normal
2026-01-01 08:00:50.300000000,48.444538550358565,15.102106123937997,39.90319002424016,116.40714367876716,normal
2026-01-01 08:00:50.400000000,30.240361463172597,11.318795787537615,39.90318574288621,116.4071649862926,normal
2026-01-01 08:00:50.500000000,32.69311924352956,13.396715760168359,39.903193330994156,116.40715982538228,normal
2026-01-01 08:00:50.600000000,,43.592755402469805,39.90320714044788,116.407185197047,normal
2026-01-01 08:00:50.700000000,27.040138454802758,29.957436645894294,39.90321245278775,116.40719502530213,normal
2026-01-01 08:00:50.800000000,40.72782441917241,9.19140507033583,39.903225608051265,116.40717056089753,error
2026-01-01 08:00:50.900000000,27.535748253834434,9.420336346051439,39.903224217405544,116.40719905345216,normal
2026-01-01 08:00:51.000000000,44.056852386697585,23.85492849374793,39.90320047753778,116.40723007835749,normal
2026-01-01 08:00:51.100000000,39.246428358262946,24.378118379023736,39.903221633821396,116.40724772408734,normal
2026-01-01 08:00:51.200000000,36.41577929700385,24.391070682538917,39.90320985157874,116.40723249233004,normal
2026-01-01 08:00:51.300000000,26.386545069376034,17.96035365157042,39.90319113965276,116.40722637205096,normal
2026-01-01 08:00:51.400000000,31.34843004147501,18.9963659199768,39.90318758129525,116.4072292805953,normal
2026-01-01 08:00:51.500000000,51.33086838738634,22.62303619327486,39.90316932507686,116.40721520638732,normal
2026-01-01 08:00:51.600000000,47.51375781436571,20.687144050346642,39.90316097646922,116.40724905331876,normal
2026-01-01 08:00:51.700000000,25.336671328021737,2.245597018019719,39.90316785754765,116.40725193984821,normal
2026-01-01 08:00:51.800000000,41.489984581438385,18.16160295539845,39.90317482438244,116.40719787288727,normal
2026-01-01 08:00:51.900000000,51.27080685057683,13.188748525917491,39.90315686778111,116.40720466000352,normal
2026-01-01 08:00:52.000000000,14.958920783179423,21.401691351268095,39.90314711367365,116.40719769685558,normal
2026-01-01 08:00:52.100000000,48.15040288569902,43.88207202082728,39.90316860033374,116.40719619832446,normal
2026-01-01 08:00:52.200000000,30.0606436158123,22.939853323794434,39.9031785283361,116.40718882593714,normal
2026-01-01 08:00:52.300000000,48.55898002889739,17.491762510620816,39.903220029636884,116.40720496686548,normal
2026-01-01 08:00:52.400000000,28.551112651862248,27.374412015818017,39.903243632200365,116.40722736062105,normal
2026-01-01 08:00:52.500000000,12.926768490032213,23.8615030976737,39.903266518061734,116.40723302168429,normal
2026-01-01 08:00:52.600000000,15.586863431752562,23.36075592361473,39.903238760690726,116.40722623546054,normal
2026-01-01 08:00:52.700000000,40.72127419992073,24.854804745725367,39.90325403789776,116.40722540871646,normal
2026-01-01 08:00:52.800000000,43.89583752582223,36.45234851863633,39.903252975761724,116.40722580070879,normal
2026-01-01 08:00:52.900000000,26.435250623433873,10.952892517392675,39.903241956125655,116.40720975210799,normal
2026-01-01 08:00:53.000000000,49.57888688166061,23.789056614491635,39.90324531643246,116.40722133068095,normal
2026-01-01 08:00:53.100000000,15.077199065965601,12.588950960147692,39.903264220663154,116.40723053152743,normal
2026-01-01 08:00:53.200000000,39.00880302029025,24.444101170737987,39.90327423729497,116.40726134035224,normal
2026-01-01 08:00:53.300000000,21.83475700356315,12.650507908111244,39.90325666781895,116.40728644734783,normal
2026-01-01 08:00:53.400000000,,16.661065491159324,39.90327151699722,116.40727273384948,normal
2026-01-01 08:00:53.500000000,40.71098006974621,17.63928068609675,39.90325876524638,116.40728913981697,normal
2026-01-01 08:00:53.600000000,27.093799520740713,27.806533754757673,39.90326309890876,116.40727012074932,normal
2026-01-01 08:00:53.700000000,34.23166683655262,27.347635551539312,39.90325703190741,116.40728403939133,normal
2026-01-01 08:00:53.800000000,55.094392138216605,10.034260988428924,39.903252654582374,116.40727370710735,normal
2026-01-01 08:00:53.900000000,31.34662195715277,20.43947288799879,39.90326797944187,116.40725324204288,normal
2026-01-01 08:00:54.000000000,52.535381680977125,14.32336116200662,39.90324717556748,116.40725884294974,normal
2026-01-01 08:00:54.100000000,23.05439718013573,9.931960714597324,39.90328607946896,116.40720535160717,warning
2026-01-01 08:00:54.200000000,47.947062668729245,18.263863596605038,39.90324965774758,116.40717033209569,normal
2026-01-01 08:00:54.300000000,61.6235293098685,17.53213769235344,39.90323770439391,116.40716678225802,normal
2026-01-01 08:00:54.400000000,,39.41373189076418,39.90324510863171,116.40716843109335,normal
2026-01-01 08:00:54.500000000,28.046571167942847,23.46367860288557,39.90325679491504,116.40716104471794,normal
2026-01-01 08:00:54.600000000,48.6560819077081,8.979059993966102,39.90325478540063,116.40712945599196,normal
2026-01-01 08:00:54.700000000,36.95431920935511,15.481807966632463,39.903253637586566,116.40711309815512,normal
2026-01-01 08:00:54.800000000,45.56718810056963,28.171066363435187,39.90326184858827,116.40712092234168,normal
2026-01-01 08:00:54.900000000,30.940222199262692,36.7075421829594,39.90325722719873,116.40713255797708,normal
2026-01-01 08:00:55.000000000,41.2988468120935,7.312133502096334,39.903285090823886,116.40713223351473,normal
2026-01-01 08:00:55.100000000,37.664841469118805,4.96060491888764,39.90330187780617,116.40715537019035,normal
2026-01-01 08:00:55.200000000,57.51673092489711,34.967721402974256,39.90331933429319,116.40716331813083,warning
2026-01-01 08:00:55.300000000,43.816312649518196,23.11691341896723,39.90330001115872,116.40714836901775,normal
2026-01-01 08:00:55.400000000,45.064039931128036,13.053658144989068,39.90329842339023,116.40714275897668,normal
2026-01-01 08:00:55.500000000,33.82184550816299,24.27703268897948,39.90329241407126,116.40711470165353,normal
2026-01-01 08:00:55.600000000,32.6859066389126,-1.085981912135022,39.903272302043746,116.40711253887372,warning
2026-01-01 08:00:55.700000000,33.51162718270569,20.027004052777286,39.903279505327426,116.40713478088611,normal
2026-01-01 08:00:55.800000000,45.91678213567445,22.622569382744683,39.90326875241227,116.4071484866878,normal
2026-01-01 08:00:55.900000000,33.68523278769605,27.394161116302637,39.90328186048887,116.40717652687432,normal
2026-01-01 08:00:56.000000000,44.34662285344619,11.888832381659698,39.903260456657605,116.40717046916944,normal
2026-01-01 08:00:56.100000000,71.13101197968157,20.685497291226874,39.903294837469865,116.40719739116534,normal
2026-01-01 08:00:56.200000000,53.06687055147539,12.596602991523302,39.90327691081669,116.4071935250808,normal
2026-01-01 08:00:56.300000000,35.10964701748238,-1.7692411272682271,39.90328129686344,116.40722295678246,warning
2026-01-01 08:00:56.400000000,58.01820883245917,12.837229421095806,39.903297134049645,116.4072225196475,normal
2026-01-01 08:00:56.500000000,33.87886940467673,16.735193286718236,39.90328572124104,116.40723666427499,normal
2026-01-01 08:00:56.600000000,9.428131972332192,12.033476841678167,39.90330277061391,116.40726616652228,normal
2026-01-01 08:00:56.700000000,24.878705336238937,25.209089934589258,39.903278186941954,116.4072622979697,normal
2026-01-01 08:00:56.800000000,11.938121184612164,26.867608933253322,39.90330722929594,116.40726666574945,normal
2026-01-01 08:00:56.900000000,34.72729773938037,18.12303544034069,39.90330751228124,116.40729244301795,normal
2026-01-01 08:00:57.000000000,40.276275687843274,20.305903959680226,39.903295584053076,116.40728978295468,normal
2026-01-01 08:00:57.100000000,65.14655968412924,8.411268682931647,39.90328960041763,116.40726336510903,normal
2026-01-01 08:00:57.200000000,44.90391060646244,17.602586815945703,39.903305778803016,116.40730622525011,normal
2026-01-01 08:00:57.300000000,36.71349206786704,19.598363063666042,39.90329408969718,116.40729682996083,normal
2026-01-01 08:00:57.400000000,52.441083717752335,40.966344728239804,39.903279102543394,116.40730000508185,warning
2026-01-01 08:00:57.500000000,6.832970364881724,11.104263793806691,39.90327467181144,116.40732312521524,normal
2026-01-01 08:00:57.600000000,43.53421837162849,31.7134179100195,39.90325113256918,116.40731095533717,normal
2026-01-01 08:00:57.700000000,51.562977908304504,27.974870187726463,39.90328754344734,116.4072907979789,normal
2026-01-01 08:00:57.800000000,17.821206313302376,22.24509123592109,39.90327621555552,116.40729587272483,normal
2026-01-01 08:00:57.900000000,57.15631064810394,34.06896387356107,39.903292847891244,116.40726001119688,normal
2026-01-01 08:00:58.000000000,45.07744611241621,22.976843780854903,39.903297037292916,116.40725425307534,normal
2026-01-01 08:00:58.100000000,33.77068129148798,23.11327356534343,39.90327734661191,116.40725915384863,normal
2026-01-01 08:00:58.200000000,49.491727991594274,19.57503477585964,39.90327722751772,116.40725375481068,normal
2026-01-01 08:00:58.300000000,74.06039286706593,29.788551059349018,39.90329290757331,116.40722288579182,normal
2026-01-01 08:00:58.400000000,42.72799382587743,28.771753870487068,39.90328914234661,116.40725476935094,normal
2026-01-01 08:00:58.500000000,43.723308794505044,14.9945817000303,39.90331300460552,116.40725684011403,normal
2026-01-01 08:00:58.600000000,33.109586506896335,9.446022443209861,39.90333343491338,116.40728546315638,normal
2026-01-01 08:00:58.700000000,-18.054237095775658,18.37615490083474,39.90335181321047,116.40728026243139,normal
2026-01-01 08:00:58.800000000,52.455037248163684,13.599691484818829,39.90334262007502,116.40726266219174,normal
2026-01-01 08:00:58.900000000,27.15874261136699,19.49180340307716,39.90332102322607,116.40726804581016,normal
2026-01-01 08:00:59.000000000,41.073493558290885,29.899505077473115,39.903308751473965,116.40726373006763,normal
2026-01-01 08:00:59.100000000,32.83513829852325,16.34158675930568,39.90331267629278,116.40724017483846,normal
2026-01-01 08:00:59.200000000,47.18469738619588,19.6574129495074,39.90332359202705,116.40726957052364,normal
2026-01-01 08:00:59.300000000,45.00493157930423,20.464181878467162,39.90328016059895,116.40725712511919,normal
2026-01-01 08:00:59.400000000,55.563099163868486,26.787447057642275,39.90327999833492,116.40722031979149,normal
2026-01-01 08:00:59.500000000,32.349754017178796,2.0248853281231582,39.90328316011943,116.40724688311256,normal
2026-01-01 08:00:59.600000000,35.95187597059943,15.146397641877627,39.9032776092343,116.40723679715225,normal
2026-01-01 08:00:59.700000000,25.318544263265387,21.690269538235782,39.90330343471108,116.4072246406744,normal
2026-01-01 08:00:59.800000000,33.33560109885833,29.60063165141489,39.903311870312564,116.40718933292266,normal
2026-01-01 08:00:59.900000000,45.65950739567278,16.06478041995036,39.903338074150724,116.40722415175239,normal
2026-01-01 08:01:00.000000000,51.35482924968028,4.987578351665007,39.90333375494032,116.40719836214065,normal
2026-01-01 08:01:00.100000000,26.167520137335618,24.95769156772909,39.90335250449017,116.40719953113026,normal
2026-01-01 08:01:00.200000000,53.044088801584905,14.917100889394966,39.90338520581806,116.40721778353671,normal
2026-01-01 08:01:00.300000000,60.33456788207427,10.48266672727711,39.90341143968705,116.40722621787536,normal
2026-01-01 08:01:00.400000000,46.20152354835551,15.005236882294207,39.90338959685518,116.40722502478913,normal
2026-01-01 08:01:00.500000000,68.151937188371,18.523797138753203,39.90338452333363,116.40719099147196,normal
2026-01-01 08:01:00.600000000,28.393162013446407,15.162042683694299,39.903377620039514,116.40717479697524,normal
2026-01-01 08:01:00.700000000,21.330179450328746,2.3554715432074467,39.90338740513022,116.407178552982,normal
2026-01-01 08:01:00.800000000,13.31919626643582,27.176529575097057,39.90340113220132,116.4071628095006,normal
2026-01-01 08:01:00.900000000,62.440664672337746,30.19900033022978,39.903384354347835,116.40716687668981,normal
2026-01-01 08:01:01.000000000,49.81548484531086,25.212175930716047,39.90338571111812,116.40718051155798,normal
2026-01-01 08:01:01.100000000,39.16622993634317,10.898514636601467,39.903345312571474,116.4071997616157,normal
2026-01-01 08:01:01.200000000,44.1995293947973,18.388067728419855,39.90337415147159,116.40717523802854,normal
2026-01-01 08:01:01.300000000,23.117664290524353,19.947829478164337,39.90336390398678,116.40721917094965,normal
2026-01-01 08:01:01.400000000,76.68627969425239,24.79035511649528,39.90336502126557,116.40723452053653,normal
2026-01-01 08:01:01.500000000,41.93831772962841,25.346723909744647,39.903358828271294,116.40723448625346,normal
2026-01-01 08:01:01.600000000,41.64092191907339,14.126609609772034,39.903381748822795,116.40725627698512,normal
2026-01-01 08:01:01.700000000,50.88649935848038,20.655964451308485,39.90332499869397,116.40730358514057,normal
2026-01-01 08:01:01.800000000,47.2151384760507,23.65824323692193,39.903324666487116,116.40727481073854,normal
2026-01-01 08:01:01.900000000,43.35826036418697,31.646578577174132,39.903322550111966,116.4072703054857,normal
2026-01-01 08:01:02.000000000,28.14288316832032,25.636052318597784,39.903313477384216,116.40722273685249,normal
2026-01-01 08:01:02.100000000,47.072025357039934,26.31245349900415,39.90334800191513,116.40722658988315,normal
2026-01-01 08:01:02.200000000,68.2303674471255,20.67061302343489,39.903330255325955,116.40723389776798,normal
2026-01-01 08:01:02.300000000,60.18130069232467,31.28367316162803,39.9033456912495,116.40723311452568,normal
2026-01-01 08:01:02.400000000,63.89779939959095,23.278102367675977,39.90335281630527,116.40722002385425,normal
2026-01-01 08:01:02.500000000,32.33176485353222,13.111296718611436,39.90337804669032,116.40717903356393,normal
2026-01-01 08:01:02.600000000,25.15592769612129,31.226959761001524,39.903364702908625,116.4071865042376,normal
2026-01-01 08:01:02.700000000,38.11319619850528,25.58322618031222,39.903350043530644,116.40721561292727,normal
2026-01-01 08:01:02.800000000,40.835873684330416,16.45564783097214,39.903371964928795,116.40720379255816,normal
2026-01-01 08:01:02.900000000,56.41287277706422,16.164056260806053,39.903380471354964,116.40721259375674,normal
2026-01-01 08:01:03.000000000,14.61303055427771,22.372604361126093,39.90334957260803,116.40718123087048,normal
2026-01-01 08:01:03.100000000,62.943254791909204,23.705478362140678,39.90333878650774,116.40719037513175,normal
2026-01-01 08:01:03.200000000,37.629881521315156,21.57833812504965,39.903346514160816,116.4071825074858,normal
2026-01-01 08:01:03.300000000,33.5967839507887,22.49046938754308,39.903363269445244,116.40716725912678,normal
2026-01-01 08:01:03.400000000,24.81843437109749,33.59965899661104,39.90334968483218,116.40715205185396,normal
2026-01-01 08:01:03.500000000,15.17714992201346,28.572345217879086,39.90329139971239,116.40714417962232,normal
2026-01-01 08:01:03.600000000,52.34755875942872,21.525084730120195,39.9033018641761,116.40715182828863,normal
2026-01-01 08:01:03.700000000,41.09976950782606,27.53048464613987,39.9032774577623,116.40712558502462,normal
2026-01-01 08:01:03.800000000,20.650586503884192,11.739808771779684,39.90323711098634,116.40711764271798,normal
2026-01-01 08:01:03.900000000,20.573818419045757,23.183416399574472,39.90318046446784,116.40711681328241,normal
2026-01-01 08:01:04.000000000,34.96322951064808,34.47445079786488,39.903196744085044,116.40709483249793,warning
2026-01-01 08:01:04.100000000,65.0353228793409,18.25563283686101,39.903199316434055,116.40713076580197,normal
2026-01-01 08:01:04.200000000,36.10612972954593,13.218928571047321,39.903194803306434,116.40711369589236,normal
2026-01-01 08:01:04.300000000,17.45285570322841,14.783288891255514,39.9032225837937,116.40710030715408,normal
2026-01-01 08:01:04.400000000,36.313854038710836,11.282935701260893,39.90323533028736,116.40708074099508,normal
2026-01-01 08:01:04.500000000,35.90914645378494,13.721904734978374,39.903267656288214,116.40711671059684,normal
2026-01-01 08:01:04.600000000,-0.45329964412357526,17.035935211279767,39.90323980157877,116.4071277687014,normal
2026-01-01 08:01:04.700000000,39.18557700223282,8.755463846570864,39.90323911056629,116.40710903686129,normal
2026-01-01 08:01:04.800000000,36.53598204686983,20.124946671596824,39.90320677629879,116.40713116149246,normal
2026-01-01 08:01:04.900000000,50.44309547220128,27.218217390293177,39.90320218865215,116.40713517546634,normal
2026-01-01 08:01:05.000000000,67.73434142418017,12.737950558824636,39.90319721633508,116.40714032053477,normal
2026-01-01 08:01:05.100000000,56.89847544321636,32.15427138913415,39.90320974860782,116.4071334309906,normal
2026-01-01 08:01:05.200000000,,-6.682809755456761,39.903210659885445,116.40711844267085,normal
2026-01-01 08:01:05.300000000,23.402111368874944,28.24464468499246,39.90322312802821,116.40712519799283,normal
2026-01-01 08:01:05.400000000,78.60039704874791,14.737323569182903,39.90323719683087,116.40711429624824,normal
2026-01-01 08:01:05.500000000,40.888276510217324,26.836201816532927,39.90328029540442,116.40715063136082,normal
2026-01-01 08:01:05.600000000,40.20893937869419,11.264528796837496,39.903273989471316,116.40712524553872,normal
2026-01-01 08:01:05.700000000,39.638123693349954,27.12198000669207,39.9032551690173,116.40715596867418,normal
2026-01-01 08:01:05.800000000,42.971271411517826,21.37471471834825,39.903260090689606,116.4071537422972,normal
2026-01-01 08:01:05.900000000,37.834593821140864,24.42600975987827,39.90324404508907,116.40715972401188,normal
2026-01-01 08:01:06.000000000,31.395069896796457,10.595243155001187,39.90327368430444,116.40717638716721,normal
2026-01-01 08:01:06.100000000,31.79711588139412,12.839441261787162,39.90326801994365,116.40716378218131,normal
2026-01-01 08:01:06.200000000,39.50870094676002,24.777825746027077,39.9032567084163,116.40718106714901,normal
2026-01-01 08:01:06.300000000,31.848628432993525,12.413215966206394,39.90324728210187,116.4071269162719,normal
2026-01-01 08:01:06.400000000,29.307313259842534,23.705650336792985,39.90326165045035,116.40711251648123,warning
2026-01-01 08:01:06.500000000,41.596453415378456,9.062897548318034,39.90325849551068,116.40709403522509,normal
2026-01-01 08:01:06.600000000,36.17534173868717,26.785393701333344,39.90324566217428,116.40706896510484,normal
2026-01-01 08:01:06.700000000,62.559894828740326,10.139813481851927,39.90327896921263,116.40706466600808,normal
2026-01-01 08:01:06.800000000,0.23545287410482274,24.418399501436184,39.90326184581582,116.40707238100744,normal
2026-01-01 08:01:06.900000000,56.37260277883693,25.005047469168005,39.903262557137296,116.40708643420741,normal
2026-01-01 08:01:07.000000000,58.69127788746444,14.425825452563402,39.90327560326033,116.40709125174256,normal
2026-01-01 08:01:07.100000000,8.89914651387776,24.656212536677813,39.90324297655812,116.40707793787325,normal
2026-01-01 08:01:07.200000000,34.85968608879477,22.08353810666845,39.90325258176815,116.40708531820202,normal
2026-01-01 08:01:07.300000000,34.428387010063126,15.689265150458095,39.90323147961464,116.40708780391591,normal
2026-01-01 08:01:07.400000000,18.887324579232683,11.931562527390335,39.90324793527026,116.40710652503927,normal
2026-01-01 08:01:07.500000000,28.33274968613687,4.298994466619368,39.90322868225002,116.40712206377333,normal
2026-01-01 08:01:07.600000000,23.341362318012568,22.797200378397548,39.90324253763065,116.40712267330161,normal
2026-01-01 08:01:07.700000000,66.28405665135435,7.481577829103559,39.90326465429198,116.40710472824149,normal
2026-01-01 08:01:07.800000000,54.035175897211914,20.762753595530466,39.903281883022494,116.40709166923837,normal
2026-01-01 08:01:07.900000000,59.07332642491238,17.892414271342005,39.90328690935546,116.40708067345118,normal
2026-01-01 08:01:08.000000000,50.82508096064853,25.433142203505565,39.9032822833366,116.4070743681245,normal
2026-01-01 08:01:08.100000000,23.06422343174156,17.583636004081086,39.903270754945076,116.40707972913305,normal
2026-01-01 08:01:08.200000000,32.132196005803394,17.364417709223268,39.90330017563889,116.40709403262085,warning
2026-01-01 08:01:08.300000000,47.34061841841877,25.854965634306364,39.90328618573449,116.407093010247,normal
2026-01-01 08:01:08.400000000,21.668082866620818,22.68046423267294,39.903265444413016,116.40709333274275,normal
2026-01-01 08:01:08.500000000,,22.529247657462225,39.90327875179172,116.40709619886886,normal
2026-01-01 08:01:08.600000000,36.39511902762798,23.75414071846821,39.90326282905565,116.4070858807626,normal
2026-01-01 08:01:08.700000000,34.377687886756036,7.715423014343154,39.9032438277857,116.40706737291744,normal
2026-01-01 08:01:08.800000000,50.664399523052374,26.054309439895857,39.903214955700456,116.40703226415948,normal
2026-01-01 08:01:08.900000000,-5.279640600872767,24.899750352108818,39.90320529750367,116.40701836117233,normal
2026-01-01 08:01:09.000000000,34.585507512713804,11.866534971388022,39.90320364320319,116.4070278240814,normal
2026-01-01 08:01:09.100000000,57.38994705046372,18.047356210606388,39.903208505037746,116.40701376585262,normal
2026-01-01 08:01:09.200000000,23.78405008600154,19.685541698978952,39.90322753116263,116.40700900971189,normal
2026-01-01 08:01:09.300000000,49.239034104163956,18.924025724786137,39.9032380691211,116.40701833833764,normal
2026-01-01 08:01:09.400000000,48.89651886952576,22.67087973254828,39.903234251676714,116.40702875212756,normal
2026-01-01 08:01:09.500000000,35.35680341029015,31.450934254649468,39.903230287763186,116.40700716147052,warning
2026-01-01 08:01:09.600000000,44.89199533363177,28.65413382138263,39.903240490912566,116.40702710265765,normal
2026-01-01 08:01:09.700000000,21.233296354220457,9.50224645254875,39.90326594231582,116.40704964965943,normal
2026-01-01 08:01:09.800000000,53.860405288103514,24.976559922448388,39.90326846859981,116.40702705266229,normal
2026-01-01 08:01:09.900000000,,30.63146655628328,39.903259085982725,116.4070105759249,normal
2026-01-01 08:01:10.000000000,32.15915469221441,23.09446816551362,39.903239228662706,116.40703439773856,normal
2026-01-01 08:01:10.100000000,55.73513838755334,28.727843401487736,39.90321032455742,116.40703146066814,normal
2026-01-01 08:01:10.200000000,29.43484464185861,36.09816356560612,39.90322364995086,116.40698706510918,normal
2026-01-01 08:01:10.300000000,18.873080554546604,28.18967636885585,39.903235209521334,116.4069590714791,normal
2026-01-01 08:01:10.400000000,,21.99446876513383,39.90324675679184,116.40695408408659,normal
2026-01-01 08:01:10.500000000,49.0901492701846,28.360707792678028,39.90324418360291,116.40693082323358,normal
2026-01-01 08:01:10.600000000,20.793559712555755,21.15910266477513,39.90327232229782,116.40692255475817,normal
2026-01-01 08:01:10.700000000,66.32191272976547,20.191224346279643,39.90326263992793,116.40692320268244,normal
2026-01-01 08:01:10.800000000,8.771058881744167,17.18868611429014,39.903281745312675,116.40695244777451,normal
2026-01-01 08:01:10.900000000,65.44684552435058,32.50730687065686,39.90328097045478,116.4069466386962,normal
2026-01-01 08:01:11.000000000,43.16526200803928,13.452570672463988,39.90326880343948,116.40696808953219,normal
2026-01-01 08:01:11.100000000,38.549303321944116,32.258941797424924,39.90328065404563,116.40699666473543,normal
2026-01-01 08:01:11.200000000,31.826213697865754,23.99891298992297,39.90328884676801,116.40702535092882,normal
2026-01-01 08:01:11.300000000,45.987041715281066,8.805550601584468,39.90329598622319,116.40703104602068,normal
2026-01-01 08:01:11.400000000,39.435479463627274,22.94119434393137,39.90329761179163,116.40699178023773,normal
2026-01-01 08:01:11.500000000,56.54952823024782,3.199787938787008,39.903296853929994,116.40700099673504,normal
2026-01-01 08:01:11.600000000,41.7134147299306,25.004064134648285,39.903344621369854,116.40702196473279,normal
2026-01-01 08:01:11.700000000,42.25452642192816,27.08185186391193,39.903368306502756,116.40702034339068,normal
2026-01-01 08:01:11.800000000,34.54581681679216,15.261152354783572,39.90338276304065,116.40705523506809,normal
2026-01-01 08:01:11.900000000,39.14581564418399,20.98838156764466,39.90338499902382,116.40707243173931,normal
2026-01-01 08:01:12.000000000,44.61702653338089,35.63325947000229,39.903405142167834,116.40708379720685,normal
2026-01-01 08:01:12.100000000,14.347474110150618,15.954026365904507,39.90341550206336,116.40710552482108,normal
2026-01-01 08:01:12.200000000,19.777218668414307,11.528739303547196,39.90341602615842,116.40711219221811,normal
2026-01-01 08:01:12.300000000,51.148961410340725,31.85330721970079,39.90340995487191,116.40706233600812,normal
2026-01-01 08:01:12.400000000,42.562981571919124,35.70069752424636,39.90340833652516,116.40705235322909,normal
2026-01-01 08:01:12.500000000,37.24024995470981,20.029565374782777,39.90334492801044,116.40707629658964,warning
2026-01-01 08:01:12.600000000,40.2765089959809,28.09170428326685,39.903349140027224,116.40706014476284,normal
2026-01-01 08:01:12.700000000,45.21372558042506,30.73180732424705,39.90333937050563,116.40705567531273,normal
2026-01-01 08:01:12.800000000,31.903604795359577,14.060126139692928,39.90337122390559,116.40703477858645,normal
2026-01-01 08:01:12.900000000,28.32542911896531,16.11755331705705,39.903371610787005,116.40707045703836,normal
2026-01-01 08:01:13.000000000,42.93767882646522,29.846996105237878,39.903347831518616,116.4071040868875,normal
2026-01-01 08:01:13.100000000,25.32440833577452,33.480114229668075,39.903346833915535,116.4070864095096,normal
2026-01-01 08:01:13.200000000,46.12379133571708,24.503046881394837,39.90332591149383,116.40708935546961,normal
2026-01-01 08:01:13.300000000,14.461245936432395,12.961485171983565,39.903335379642144,116.40707574558866,normal
2026-01-01 08:01:13.400000000,55.437334559884654,35.89648889359553,39.90334119858943,116.40708804448143,normal
2026-01-01 08:01:13.500000000,47.08896223619564,15.752232817504284,39.903360355382056,116.40709823814298,normal
2026-01-01 08:01:13.600000000,43.840446014708135,17.318897750628388,39.90334453774622,116.4071144722544,normal
2026-01-01 08:01:13.700000000,54.74036475918271,22.738702675916972,39.90334521790815,116.40712111062336,normal
2026-01-01 08:01:13.800000000,64.98211666693865,32.4332833657182,39.903317917472236,116.4071798187475,normal
2026-01-01 08:01:13.900000000,55.21555097527195,26.83180781241779,39.903331947367874,116.4071592602722,normal
2026-01-01 08:01:14.000000000,12.386886530025322,23.318924002895283,39.90334232479148,116.4071250482051,normal
2026-01-01 08:01:14.100000000,20.806345498964475,23.70630824094485,39.903352240891905,116.40711718640108,normal
2026-01-01 08:01:14.200000000,30.627721334564818,20.348117349147728,39.90335227327253,116.40708582663578,normal
2026-01-01 08:01:14.300000000,40.3913657531625,24.46511611614805,39.90336056873035,116.40705597739037,normal
2026-01-01 08:01:14.400000000,47.76488530703685,-0.23648062155442418,39.90339265551251,116.4070359510973,normal
2026-01-01 08:01:14.500000000,29.113842802698016,17.627140327441612,39.903386953627376,116.40701750731918,normal
2026-01-01 08:01:14.600000000,42.80150146715617,21.930575479334248,39.903389726531046,116.40699841495714,normal
2026-01-01 08:01:14.700000000,28.66925601470016,10.791887331043943,39.90336800400506,116.40700877933615,normal
2026-01-01 08:01:14.800000000,30.827232955120778,23.09058654249248,39.90335063878583,116.40699865555493,normal
2026-01-01 08:01:14.900000000,18.900083547276665,18.364230232111026,39.90335259505169,116.40699506526343,normal
2026-01-01 08:01:15.000000000,26.151501308336435,34.043805586523916,39.903374673722624,116.40701294991892,normal
2026-01-01 08:01:15.100000000,19.724730915754996,32.58415780171885,39.90336954810614,116.40699762346843,normal
2026-01-01 08:01:15.200000000,25.36190120534001,16.273555447054697,39.903364829775555,116.40699233255046,normal
2026-01-01 08:01:15.300000000,55.80462694911759,18.793298307466436,39.903356692070666,116.40699964775018,normal
2026-01-01 08:01:15.400000000,25.759016667520854,19.40841947513286,39.90334599693725,116.40696081639416,normal
2026-01-01 08:01:15.500000000,79.48573097256086,16.38672419072302,39.90335189636637,116.40691311828398,normal
2026-01-01 08:01:15.600000000,47.39976851321334,21.560199872225013,39.90332195121346,116.40692004063057,normal
2026-01-01 08:01:15.700000000,42.77254185542311,13.933743448899278,39.903347570004996,116.40692988091617,normal
2026-01-01 08:01:15.800000000,27.124633297281797,10.95507732049979,39.90333426155903,116.40697116531886,normal
2026-01-01 08:01:15.900000000,50.50464819113487,24.98168979120215,39.90334869962874,116.40697432721639,normal
2026-01-01 08:01:16.000000000,31.36543260643339,25.036236673774486,39.90332329965679,116.40699072201073,normal
2026-01-01 08:01:16.100000000,41.83014721968042,13.565473922720061,39.9033366764594,116.40698681255786,normal
2026-01-01 08:01:16.200000000,78.40126807403192,27.162843446100798,39.90335011535156,116.40699275710229,normal
2026-01-01 08:01:16.300000000,38.559101504130254,14.94737816667735,39.903357799393,116.40702610223913,normal
2026-01-01 08:01:16.400000000,57.23909989428513,22.02532190430385,39.903337910822565,116.40698362238277,normal
2026-01-01 08:01:16.500000000,29.45235362311169,26.562752100899647,39.90334290178635,116.40699189470791,normal
2026-01-01 08:01:16.600000000,39.47517264254557,19.731099482370297,39.90331924066266,116.40703460644252,normal
2026-01-01 08:01:16.700000000,66.56200953453265,23.637927297129075,39.903314185397555,116.4070402471269,normal
2026-01-01 08:01:16.800000000,30.59549413318349,15.868562848899426,39.90333477365958,116.40707325858617,normal
2026-01-01 08:01:16.900000000,67.18672836995393,18.428267332575224,39.90335070769812,116.40706067434317,normal
2026-01-01 08:01:17.000000000,50.616279031832136,18.353124552957276,39.90335101135697,116.4070600333933,normal
2026-01-01 08:01:17.100000000,31.562998361585986,14.027373227678089,39.90333151522545,116.40706070388734,normal
2026-01-01 08:01:17.200000000,49.48611608583281,18.585806695073742,39.90334442697969,116.40701635206575,normal
2026-01-01 08:01:17.300000000,54.58831674440095,7.6110536090900265,39.903344814604445,116.4069929885092,normal
2026-01-01 08:01:17.400000000,49.327149433257944,16.07077002286316,39.903298408292486,116.4069710510076,normal
2026-01-01 08:01:17.500000000,16.446629201643155,17.720996053042633,39.90331406088901,116.40698749232916,normal
2026-01-01 08:01:17.600000000,29.09294236262697,17.95056198003696,39.903313576232335,116.40700493539129,normal
2026-01-01 08:01:17.700000000,36.287220466727426,18.06802043303377,39.903337625257294,116.40701141612014,normal
2026-01-01 08:01:17.800000000,38.88349856349931,19.505886401118968,39.903315719846915,116.40702789817807,normal
2026-01-01 08:01:17.900000000,49.31008146326017,23.83553214468851,39.903252185770654,116.40702461518983,normal
2026-01-01 08:01:18.000000000,42.66551501399881,26.99613659306018,39.90325776744782,116.40704865382321,normal
2026-01-01 08:01:18.100000000,19.969834619348482,14.801878185213862,39.90326359872135,116.40704882959206,normal
2026-01-01 08:01:18.200000000,45.70296776508945,10.374393156886844,39.9032297852888,116.407049986873,normal
2026-01-01 08:01:18.300000000,49.15878617925735,11.663644702055176,39.90321021529788,116.40704467502034,normal
2026-01-01 08:01:18.400000000,48.396856718965594,16.10237663044058,39.90326531965275,116.4070583640299,normal
2026-01-01 08:01:18.500000000,56.21171088331933,17.184629457467928,39.90325920744047,116.40704994005357,normal
2026-01-01 08:01:18.600000000,52.50883231823356,13.840031470420342,39.90327382662,116.40706946868112,normal
2026-01-01 08:01:18.700000000,46.88770118842655,9.631066686000844,39.90326081342345,116.4070468256983,normal
2026-01-01 08:01:18.800000000,38.94751432812029,16.351033380206495,39.90321900736548,116.40702484737321,normal
2026-01-01 08:01:18.900000000,15.085585997260129,21.45141296091177,39.90321560220054,116.4070385959083,normal
2026-01-01 08:01:19.000000000,46.44427328698879,24.760235726684517,39.903210290109335,116.40703682502401,normal
2026-01-01 08:01:19.100000000,43.115315307446664,15.54061557513343,39.90320229254456,116.40702774719568,normal
2026-01-01 08:01:19.200000000,44.0736825579306,16.696017422852528,39.90319999972785,116.40704554835034,normal
2026-01-01 08:01:19.300000000,20.84877136269536,12.586413529221513,39.903205285093286,116.40703340312206,normal
2026-01-01 08:01:19.400000000,23.784151893876064,19.74848663700179,39.90320228275426,116.40702939909697,normal
2026-01-01 08:01:19.500000000,55.797292799993556,13.212570926473482,39.9031770026309,116.40705738365597,normal
2026-01-01 08:01:19.600000000,39.406672692150174,24.5850225059296,39.90318672632673,116.40708816650289,normal
2026-01-01 08:01:19.700000000,,5.713068064527111,39.903147738891626,116.40711961446709,normal
2026-01-01 08:01:19.800000000,40.42477564195692,17.1229626203803,39.90310673174248,116.40711397195156,normal
2026-01-01 08:01:19.900000000,40.446342092436176,22.408858713533938,39.903121515352375,116.40713858600965,normal
2026-01-01 08:01:20.000000000,54.074257089639964,21.470676130580035,39.90313165575782,116.4071196069531,normal
2026-01-01 08:01:20.100000000,32.25932907673939,41.544269311843976,39.90313050785051,116.4071014688956,normal
2026-01-01 08:01:20.200000000,41.44181165411475,22.79840019654326,39.90310259888042,116.40705445977855,normal
2026-01-01 08:01:20.300000000,33.06587066942436,11.967563225263918,39.903088440661605,116.40708791714259,normal
2026-01-01 08:01:20.400000000,33.482556588515266,19.236286023287416,39.90308318572665,116.40707063754562,normal
2026-01-01 08:01:20.500000000,35.36241814797041,5.790029332268386,39.90305126784728,116.40706810689402,normal
2026-01-01 08:01:20.600000000,43.33200657450569,19.355202005625912,39.90303648727412,116.40704990040717,normal
2026-01-01 08:01:20.700000000,32.818770675047844,13.33555154399393,39.90304953388088,116.40706380371215,normal
2026-01-01 08:01:20.800000000,58.83634188360281,27.323122204481294,39.90307807998817,116.40705629103893,normal
2026-01-01 08:01:20.900000000,26.58089046670744,15.60367780323572,39.90306969129312,116.40703019470112,error
2026-01-01 08:01:21.000000000,37.196925337579614,19.065872673638026,39.903084821060204,116.40703902795241,normal
2026-01-01 08:01:21.100000000,33.40403412588738,14.915537268764773,39.90304653985879,116.40701035335191,normal
2026-01-01 08:01:21.200000000,61.704668265306,33.91081081482665,39.90305972888361,116.4069936052374,normal
2026-01-01 08:01:21.300000000,42.94832164767362,17.430057871056707,39.90304364991532,116.4069514674551,normal
2026-01-01 08:01:24.987489302,55.477668092029525,34.660456347833616,39.90304979682765,116.40692298829286,normal
2026-01-01 08:01:25.087489302,17.71659440444542,26.513214096946133,39.90304484177929,116.40692655887626,normal
2026-01-01 08:01:25.187489302,44.00575398803888,23.85653381868309,39.90307125005948,116.4068872681555,normal
2026-01-01 08:01:25.287489302,53.34446193435156,22.949865178540158,39.90305376134652,116.406857645241,normal
2026-01-01 08:01:25.387489302,41.23425983913136,23.15037838573001,39.90306631347247,116.40685759786268,normal
2026-01-01 08:01:25.487489302,55.98220562598027,4.57861936523512,39.9030607233232,116.40684672572476,normal
2026-01-01 08:01:25.587489302,32.24067324849442,17.76893284679395,39.90305755721364,116.40688656645747,normal
2026-01-01 08:01:25.687489302,61.140211602783694,26.761263769474574,39.90305388013578,116.4069232443884,normal
2026-01-01 08:01:25.787489302,74.48347185428875,19.608822532207157,39.90303696667369,116.40690588593914,normal
2026-01-01 08:01:25.887489302,34.55742159340512,8.7584812255714,39.90303668469437,116.40691702869151,normal
2026-01-01 08:01:25.987489302,33.31746217898842,19.580764395380243,39.903035431729926,116.40693201434264,normal
2026-01-01 08:01:26.087489302,61.80076715676552,33.63284413004393,39.903040256534894,116.40692006476549,normal
2026-01-01 08:01:26.187489302,63.693582185960686,29.975133724277754,39.90304194663781,116.40689015393475,normal
2026-01-01 08:01:26.287489302,32.15709959270097,19.503967925071745,39.9030579065288,116.40688990796578,normal
2026-01-01 08:01:26.387489302,33.69719774356214,27.61159421646469,39.90307637670112,116.40688645105227,normal
2026-01-01 08:01:26.487489302,35.773230867092394,17.067943837055587,39.90305536423469,116.40687773576234,normal
2026-01-01 08:01:26.587489302,19.833242334485846,6.369027305386249,39.9030727396847,116.4068865820997,normal
2026-01-01 08:01:26.687489302,26.220220802737025,12.604272094963566,39.90304901295616,116.40687156750757,normal
2026-01-01 08:01:26.787489302,24.937888498718983,32.50311014806558,39.90306077007392,116.4068485275566,normal
2026-01-01 08:01:26.887489302,28.483036523438074,17.808055345365567,39.903073164849616,116.40685070921602,normal
2026-01-01 08:01:26.987489302,39.47972668919828,18.052928164999855,39.90303493851178,116.40685842861787,normal
2026-01-01 08:01:27.087489302,43.51322098804781,17.601294429800955,39.903036798096714,116.40683489571899,normal
2026-01-01 08:01:27.187489302,63.25750739221115,35.23309271658405,39.90302742817445,116.40685345753121,normal
2026-01-01 08:01:27.287489302,25.024689388918134,33.007671322896506,39.90301225286929,116.40681804790846,normal
2026-01-01 08:01:27.387489302,54.764835977148756,37.750241867585075,39.9030392699159,116.40680648563928,normal
2026-01-01 08:01:27.487489302,36.790167336617365,18.727638316799588,39.90302619633309,116.40680132546855,normal
2026-01-01 08:01:27.587489302,39.25804435521351,22.36499590997676,39.9030100687945,116.4067886009943,normal
2026-01-01 08:01:27.687489302,50.122292382499054,7.866859604633671,39.9030115826933,116.40677729978484,normal
2026-01-01 08:01:27.787489302,23.159169676565522,31.815475408946195,39.90302529448823,116.40681472127447,normal
2026-01-01 08:01:27.887489302,45.736146192760756,10.65776358985652,39.90302246151651,116.4067977035927,normal
2026-01-01 08:01:27.987489302,42.49678312319584,21.734204510101033,39.90304578892742,116.40684652802715,normal
2026-01-01 08:01:28.087489302,47.38676896012224,11.221579778937247,39.90305640844066,116.40685527056274,normal
2026-01-01 08:01:28.187489302,44.33752965861727,15.289065386090432,39.90301284421427,116.40685711166549,normal
2026-01-01 08:01:28.287489302,76.82950209866341,13.301900551602397,39.903002254875,116.40686663647256,normal
2026-01-01 08:01:28.387489302,30.43390023623026,15.136997914593458,39.90299101803301,116.40691723502754,normal
2026-01-01 08:01:28.487489302,32.035045674972736,15.687018374808172,39.90300060525208,116.40689736316746,normal
2026-01-01 08:01:28.587489302,30.652892103628535,15.613849640599383,39.902948108910955,116.40687495480908,normal
2026-01-01 08:01:28.687489302,,26.666671294242455,39.90299908910513,116.40685985748514,normal
2026-01-01 08:01:28.787489302,30.439193090402235,11.16109765549984,39.90300970962702,116.40686050034809,normal
2026-01-01 08:01:28.887489302,57.83524796661328,21.764331416110934,39.903012687163105,116.40682598492559,normal
2026-01-01 08:01:28.987489302,61.30756371984782,29.743673218444467,39.90303631851743,116.40682643171039,normal
2026-01-01 08:01:29.087489302,31.438805593757856,15.894429083892831,39.90308319159849,116.40686030265304,normal
2026-01-01 08:01:29.187489302,27.51466640343657,14.256648874019184,39.90310060653138,116.40686333080086,normal
2026-01-01 08:01:29.287489302,47.07123334579606,18.155802998557995,39.90311958279331,116.40685747709168,normal
2026-01-01 08:01:29.387489302,31.71665433578543,29.437801666885683,39.9031221965938,116.40684511388271,normal
2026-01-01 08:01:29.487489302,49.493977266332664,21.552861047626863,39.903119366078734,116.4068630841168,normal
2026-01-01 08:01:29.587489302,43.0438453127695,15.750285643139211,39.90310985016985,116.40684656746133,normal
2026-01-01 08:01:29.687489302,17.263838275041522,23.87101320950432,39.903093327930016,116.40688349537974,normal
2026-01-01 08:01:29.787489302,63.212578019950925,11.181662801308613,39.90307958764802,116.4069221625747,normal
2026-01-01 08:01:29.887489302,66.93816509643283,25.450876083543584,39.90305257652874,116.40692729759067,normal
2026-01-01 08:01:29.987489302,30.808169642734207,23.26885846161414,39.903051059099724,116.40692706728892,normal
2026-01-01 08:01:30.087489302,34.18447660096024,17.537532230888928,39.90301736574818,116.40694768048508,normal
2026-01-01 08:01:30.187489302,44.287980860873574,13.291313612422151,39.90302118407866,116.40696957645513,normal
2026-01-01 08:01:30.287489302,45.01685184980538,12.906552621732342,39.903020457466496,116.4069534566205,normal
2026-01-01 08:01:30.387489302,49.878164090092454,24.27853869076728,39.903023396172465,116.40694292551784,normal
2026-01-01 08:01:30.487489302,70.15306808149525,29.831844019912495,39.903012953541065,116.40691647856914,normal
2026-01-01 08:01:30.587489302,37.34579158758926,14.901538023769643,39.90307449074847,116.40692465986791,normal
2026-01-01 08:01:30.687489302,28.025541331923193,23.667093628411873,39.903101693066475,116.40693799242558,normal
2026-01-01 08:01:30.787489302,19.31021157978209,3.30378385118345,39.903076802216475,116.40691099391282,warning
2026-01-01 08:01:30.887489302,29.036049400871214,15.323058154742403,39.90308145957822,116.40690188993473,normal
2026-01-01 08:01:30.987489302,39.503095406893046,19.751528537032783,39.90306929945536,116.40687494485637,normal
2026-01-01 08:01:31.087489302,66.91836795276681,12.72253266414533,39.90304900986083,116.40685696886017,normal
2026-01-01 08:01:31.187489302,32.235830514457426,12.507949001683233,39.90302220841941,116.40686798920137,normal
2026-01-01 08:01:31.287489302,43.35681927458348,14.65776354824891,39.90303085275322,116.40685331956004,normal
2026-01-01 08:01:31.387489302,39.753656558908716,22.337541826610984,39.90301722514852,116.40684730304092,normal
2026-01-01 08:01:31.487489302,57.82589910172126,18.501367852749002,39.903036581669,116.40681475680636,warning
2026-01-01 08:01:31.587489302,77.90398638810433,2.0941501334002233,39.90305645731329,116.40681849661055,normal
2026-01-01 08:01:31.687489302,,3.0343987789194706,39.903083935600996,116.40681761114416,normal
2026-01-01 08:01:31.787489302,32.658408362226666,15.145078577142597,39.90306688786567,116.40680303195916,normal
2026-01-01 08:01:31.887489302,55.66241315603608,23.661492688428417,39.903076395177884,116.4067992516732,normal
2026-01-01 08:01:31.987489302,50.22837234439467,-1.9800387418018772,39.90308904426222,116.40680285757081,normal
2026-01-01 08:01:32.087489302,67.7006098860405,16.002158590786955,39.903079560698714,116.40678656020783,normal
2026-01-01 08:01:32.187489302,48.75892277988946,15.790017147860631,39.90306412525957,116.40675703495695,normal
2026-01-01 08:01:32.287489302,34.610618638194104,31.106702225667583,39.90309631567288,116.40679314644561,normal
2026-01-01 08:01:32.387489302,48.85982246038464,16.91982550629709,39.9031008655904,116.40678048099151,normal
2026-01-01 08:01:32.487489302,56.63055370874362,23.063911877927428,39.903113584945416,116.40677854578945,normal
2026-01-01 08:01:32.587489302,52.30723271796046,21.130057120699707,39.90309714342518,116.40679876258416,normal
2026-01-01 08:01:32.687489302,47.609110466609465,2.9554681615423952,39.90307275773585,116.4068693436879,normal
2026-01-01 08:01:32.787489302,56.00012034383731,26.1456577330539,39.90306136874036,116.40684445395891,normal
2026-01-01 08:01:32.887489302,57.53943385668509,-6.263221247722817,39.90305888831261,116.40685345050318,normal
2026-01-01 08:01:32.987489302,60.732384865562906,24.066149117396716,39.90303760391247,116.40683929945747,normal
2026-01-01 08:01:33.087489302,49.73064831384464,51.409901651490614,39.9030374070163,116.40682852365138,normal
2026-01-01 08:01:33.187489302,37.493228795247184,3.3270964840112924,39.90300363691254,116.40681411941097,normal
2026-01-01 08:01:33.287489302,42.20070529649984,33.79757319808887,39.90298123596409,116.40679160631161,normal
2026-01-01 08:01:33.387489302,58.09763449762535,17.700419844797157,39.90299465418906,116.40679078048437,normal
2026-01-01 08:01:33.487489302,27.74596493519146,22.298631235224075,39.90300672999946,116.40676129043064,normal
2026-01-01 08:01:33.587489302,45.53009963309352,19.635902037590064,39.902998892464154,116.40678022658196,normal
2026-01-01 08:01:33.687489302,34.09991781508959,16.606109332815652,39.90297853717797,116.40678132664068,normal
2026-01-01 08:01:33.787489302,40.431172344022265,15.44133657408993,39.90295798910694,116.40678977534014,normal
2026-01-01 08:01:33.887489302,59.176777939109485,22.636069884584074,39.90295052374202,116.4067804515679,normal
2026-01-01 08:01:33.987489302,386.3496991559217,7.862610426626567,39.90296341411185,116.40677310748922,normal
2026-01-01 08:01:34.087489302,40.69654822234223,26.004633340174124,39.90298197902568,116.40677885876732,normal
2026-01-01 08:01:34.187489302,19.60215788530121,16.670444760917967,39.90297204839097,116.40675557775467,normal
2026-01-01 08:01:34.287489302,51.193803490408314,10.959445287677138,39.902948978542454,116.40674841794598,normal
2026-01-01 08:01:34.387489302,49.68226271711613,16.39989713603349,39.90295433541521,116.4067312256757,normal
2026-01-01 08:01:34.487489302,72.4488208495819,30.057193734900583,39.902937864715796,116.40671341429949,normal
2026-01-01 08:01:34.587489302,35.38332647570499,15.717319303870216,39.90292749966302,116.40667121753468,normal
2026-01-01 08:01:34.687489302,43.287254914959085,22.867628945676962,39.90295400518483,116.40669800406647,normal
2026-01-01 08:01:34.787489302,,14.152349794276214,39.902970547493396,116.4066842732914,normal
2026-01-01 08:01:34.887489302,63.661799196452115,26.063374799388956,39.902973706979644,116.4067075408125,normal
2026-01-01 08:01:34.987489302,38.57056701419572,25.484061910321632,39.90294826859962,116.40672891665893,warning
2026-01-01 08:01:35.087489302,44.185322886555085,34.788870666371295,39.90295249653097,116.40670319666481,normal
2026-01-01 08:01:35.187489302,49.11844764574809,18.595488436006278,39.90297374967679,116.4066814284401,normal
2026-01-01 08:01:35.287489302,42.79913684734537,25.349238438063253,39.902966237003476,116.40673263849928,normal
2026-01-01 08:01:35.387489302,33.30349578174208,20.784540316311556,39.902993259285275,116.40676765701812,normal
2026-01-01 08:01:35.487489302,42.911349893474615,30.366974254904115,39.90301911419106,116.40676702664786,normal
2026-01-01 08:01:35.587489302,56.104476247896585,14.249340899130157,39.903052388847705,116.40677217410999,normal
2026-01-01 08:01:35.687489302,24.602270508834096,25.96004250301825,39.90305849371023,116.40675955718193,normal
2026-01-01 08:01:35.787489302,41.99454511220314,18.442421631066548,39.903070241544235,116.40676820423622,normal
2026-01-01 08:01:35.887489302,29.498187775912402,19.486494583132018,39.90309852529,116.4067538605982,normal
2026-01-01 08:01:35.987489302,57.92569943387264,20.734019875586984,39.90310747316874,116.4067132135229,normal
2026-01-01 08:01:36.087489302,17.15219642824338,22.01792317141342,39.903097448486584,116.40668678240718,normal
2026-01-01 08:01:36.187489302,31.616172290926173,19.070167655024335,39.90308847762985,116.40668720426214,normal
2026-01-01 08:01:36.287489302,45.658178125967815,21.71770546536421,39.90309324872893,116.40666458291743,normal
2026-01-01 08:01:36.387489302,63.482860438515104,32.624944460497474,39.90306743750049,116.40666323736812,normal
2026-01-01 08:01:36.487489302,39.01374608390518,27.883597484921747,39.90306457232218,116.40664174414734,normal
2026-01-01 08:01:36.587489302,31.672007099602023,26.95323673997517,39.90308650326455,116.4066260970689,normal
2026-01-01 08:01:36.687489302,68.21735604160885,16.355683791809035,39.903042678187525,116.40664316037501,normal
2026-01-01 08:01:36.787489302,18.27979149375634,12.886073374173407,39.90307336782956,116.40664810998597,normal
2026-01-01 08:01:36.887489302,7.017910650698774,27.642404465902022,39.90309581531393,116.40664791669754,normal
2026-01-01 08:01:36.987489302,46.60021675079999,27.008374340238355,39.90308662002162,116.40666549597701,normal
2026-01-01 08:01:37.087489302,32.46918663471083,31.781365406007858,39.903097487838174,116.40667510814887,normal
2026-01-01 08:01:37.187489302,24.6815077430393,15.168154992246164,39.903097550792715,116.40670403941469,normal
2026-01-01 08:01:37.287489302,50.6253467094903,18.163610757117223,39.90312215060008,116.40669484222946,normal
2026-01-01 08:01:37.387489302,43.65701070656798,6.884126699796527,39.90314180426294,116.40668624952988,normal
2026-01-01 08:01:37.487489302,31.538820538949075,16.860231151513016,39.90311380284847,116.40666022734455,normal
2026-01-01 08:01:37.587489302,20.795434019936582,27.97256408463558,39.903125548096746,116.4066516477302,error
2026-01-01 08:01:37.687489302,53.08685992420217,16.268036966174417,39.90312143553967,116.40667094312809,normal
2026-01-01 08:01:37.787489302,49.753017669379915,25.12383836160659,39.90312309219108,116.40669694287554,normal
2026-01-01 08:01:37.887489302,38.51236204330926,18.475975152017508,39.90310852875306,116.4067161489789,normal
2026-01-01 08:01:37.987489302,67.69955494071499,22.592456225772484,39.90314349149445,116.40668026514156,normal
2026-01-01 08:01:38.087489302,23.948728505107713,10.818468881474661,39.90316429273084,116.40670192804582,normal
2026-01-01 08:01:38.187489302,17.117122436128916,20.68167559707121,39.90314949730756,116.40666515767336,normal
2026-01-01 08:01:38.287489302,29.62137895178133,-3.929087767205786,39.90312280509542,116.40668312001984,normal
2026-01-01 08:01:38.387489302,39.31620975466753,18.50483073470412,39.9031150916428,116.40667576432931,normal
2026-01-01 08:01:38.487489302,43.65009173984038,6.956214050278879,39.903123781695726,116.40668981499559,normal
2026-01-01 08:01:38.587489302,36.38145913215505,29.647956132374528,39.9031285858126,116.40666316602862,warning
2026-01-01 08:01:38.687489302,45.28083094771445,26.21925882211609,39.9031536484691,116.40668658938128,normal
2026-01-01 08:01:42.495964817,21.22690863714334,23.73336785572865,39.903169446863544,116.40665728988635,normal
2026-01-01 08:01:42.595964817,61.65646906109889,32.16804981727504,39.903188838244056,116.40664392078814,normal
2026-01-01 08:01:42.695964817,38.76773232411147,12.408667833401303,39.90319537535207,116.40662395889558,normal
2026-01-01 08:01:42.795964817,56.75943747382192,33.97890558332446,39.90316758937747,116.40658887319853,normal
2026-01-01 08:01:42.895964817,45.14088019566556,27.457532514083077,39.903163675406844,116.40659076374988,normal
2026-01-01 08:01:42.995964817,46.85129828730676,18.10755770224843,39.90318487720164,116.40662688553223,normal
2026-01-01 08:01:43.095964817,48.546509203483055,29.084961177463555,39.90318384674307,116.40668022363668,normal
2026-01-01 08:01:43.195964817,46.715628400259725,11.149651900706926,39.90319390855044,116.40668216675242,warning
2026-01-01 08:01:43.295964817,49.64084139801316,13.40388670777861,39.90318753358414,116.40670450037793,normal
2026-01-01 08:01:43.395964817,59.93728795198647,15.131282214082397,39.903166937347166,116.40670914227069,normal
2026-01-01 08:01:43.495964817,42.94781754552205,15.768178335487878,39.90316447046589,116.40671911993458,normal
2026-01-01 08:01:43.595964817,50.63505636382769,11.547538857917978,39.90317065141475,116.40671227696156,normal
2026-01-01 08:01:43.695964817,38.6539645856916,29.784664536762598,39.903157537660356,116.40671617850006,normal
2026-01-01 08:01:43.795964817,61.601758231742096,17.929164797041345,39.90315282343546,116.40672692807416,normal
2026-01-01 08:01:43.895964817,29.854115469110955,22.820039746855038,39.90313403417062,116.40671535887958,normal
2026-01-01 08:01:43.995964817,67.01410649366224,15.437189068690556,39.90315641906897,116.40671380899359,normal
2026-01-01 08:01:44.095964817,39.39763074033485,5.435173595611863,39.90315052995382,116.4067126403912,normal
2026-01-01 08:01:44.195964817,18.538373468229278,22.160458867131375,39.90317958506473,116.40672916845755,normal
2026-01-01 08:01:44.295964817,41.92156622366184,4.701960196641785,39.903210160021736,116.40670784781412,normal
2026-01-01 08:01:44.395964817,29.78422513787679,19.45092763131625,39.903208539102444,116.40670681696994,normal
2026-01-01 08:01:44.495964817,52.60965323483086,9.053479689337516,39.903188370127786,116.40674505707932,normal
2026-01-01 08:01:44.595964817,30.210640310464136,35.89820799384646,39.903146652170236,116.40676833828238,normal
2026-01-01 08:01:44.695964817,33.307248501778304,27.290901777397774,39.90311721142877,116.40679532186336,normal
2026-01-01 08:01:44.795964817,11.656889035817034,20.846030330171843,39.903089734732276,116.40679581050016,normal
2026-01-01 08:01:44.895964817,33.21540521126385,30.109653421237347,39.90311730412483,116.40680223045143,normal
2026-01-01 08:01:44.995964817,3.6418101005656496,13.229472180274113,39.90311962061657,116.40682227517476,normal
2026-01-01 08:01:45.095964817,16.24145764771415,24.347835029360745,39.90312741270705,116.40685348028536,normal
2026-01-01 08:01:45.195964817,51.40621984216446,21.59848346974971,39.90308300428687,116.4068144482271,normal
2026-01-01 08:01:45.295964817,51.787002379762484,22.11216065066936,39.90305904495829,116.40678813940096,normal
2026-01-01 08:01:45.395964817,46.38186342677447,30.178828000854143,39.90307678655382,116.40681432828299,normal
2026-01-01 08:01:45.495964817,25.495357853061805,25.859936822238417,39.903082522036065,116.40680879049587,normal
2026-01-01 08:01:45.595964817,39.2843296578703,22.309789302600187,39.90307957793049,116.40679535608008,normal
2026-01-01 08:01:45.695964817,39.945961913641476,6.760900510173631,39.90309087477766,116.40677027286034,normal
2026-01-01 08:01:45.795964817,22.624529662111858,12.31962963776429,39.903123590733784,116.40675917252632,normal
2026-01-01 08:01:45.895964817,62.55097452650726,-8.65586394712474,39.90311916988452,116.40673112514065,normal
2026-01-01 08:01:45.995964817,53.16043435863507,20.746978994213208,39.903120557280566,116.4067729470261,normal
2026-01-01 08:01:46.095964817,36.68553739255504,10.95837020260861,39.90312440921895,116.40677249830506,normal
2026-01-01 08:01:46.195964817,40.40328758491796,39.29341340462737,39.90317225141165,116.40677133929422,normal
2026-01-01 08:01:46.295964817,43.125742119213285,32.13115244202858,39.90313026428636,116.40678310082772,normal
2026-01-01 08:01:46.395964817,9.373976973635642,24.81694656313987,39.90314392874666,116.40680234773112,normal
2026-01-01 08:01:46.495964817,36.29233926219105,20.576294890269956,39.90314163270168,116.40682126549424,normal
2026-01-01 08:01:46.595964817,29.77023628003302,18.302328240790786,39.903152968136204,116.40684273793312,normal
2026-01-01 08:01:46.695964817,24.975699851576266,12.384652319822116,39.903139820685126,116.40683012102211,normal
2026-01-01 08:01:46.795964817,35.78349560671067,20.6198441481509,39.90313884138451,116.40682416368601,normal
2026-01-01 08:01:46.895964817,66.96529790274283,22.062020321142004,39.903153069596094,116.40683954431911,normal
2026-01-01 08:01:46.995964817,49.61264291900515,10.065915396147005,39.90321532780012,116.40682899653788,normal
2026-01-01 08:01:47.095964817,31.43231515325805,22.67341133795918,39.90323148852391,116.40682889440525,normal
2026-01-01 08:01:47.195964817,48.58874172034238,18.75792760940201,39.903214527211944,116.40683686968053,warning
2026-01-01 08:01:47.295964817,60.99033154879003,4.737539536980872,39.903206052018305,116.40685257338218,normal
2026-01-01 08:01:47.395964817,53.869505243691535,13.116919913763985,39.90319698373614,116.40681701976293,normal
2026-01-01 08:01:47.495964817,40.89445554880261,16.691155732626846,39.903161070872684,116.40683131467593,normal
2026-01-01 08:01:49.977322692,30.29594833441639,35.10150125872153,39.90315446906885,116.40682664019478,normal
2026-01-01 08:01:50.077322692,50.47334970420385,24.452424996270064,39.903169125650486,116.40684078934899,normal
2026-01-01 08:01:50.177322692,45.90228078132624,9.31614744720087,39.90314364100811,116.40685632798284,normal
2026-01-01 08:01:50.277322692,53.42789830041598,23.888290315341095,39.90316461066113,116.40688848628406,normal
2026-01-01 08:01:50.377322692,49.52757702522954,7.621568088493076,39.90317436615755,116.40691555535702,normal
2026-01-01 08:01:50.477322692,55.743290729790026,28.661528431096585,39.90315968149111,116.40694248679027,normal
2026-01-01 08:01:50.577322692,31.971471826591483,16.231002785456973,39.90315685089836,116.40697136019665,normal
2026-01-01 08:01:50.677322692,59.76091098451489,19.250910490086632,39.90318881733452,116.40697718777635,normal
2026-01-01 08:01:50.777322692,42.96399407038599,30.60637318033752,39.903203488290785,116.40697783147809,normal
2026-01-01 08:01:50.877322692,71.12891308937898,9.702691451326,39.903203663963886,116.40699528781975,normal
2026-01-01 08:01:50.977322692,29.662182728656482,8.82305451909607,39.90319891029755,116.40700992943877,normal
2026-01-01 08:01:51.077322692,66.03945704747875,15.331205389231961,39.903200442478955,116.40700374811404,normal
2026-01-01 08:01:51.177322692,42.96866175193972,28.307030808154533,39.90319020720779,116.40701184458221,normal
2026-01-01 08:01:51.277322692,30.228729945783275,7.845231396185261,39.90314811221768,116.40701114265288,normal
2026-01-01 08:01:51.377322692,32.741712489185176,-2.6572447848845506,39.90318895577589,116.40699406399472,normal
2026-01-01 08:01:51.477322692,35.1947903770852,16.39072913272801,39.90319206227588,116.40701987320953,normal
2026-01-01 08:01:51.577322692,46.36248919602875,24.413926399287362,39.903200025221174,116.40702097719439,normal
2026-01-01 08:01:51.677322692,47.84253232053249,29.602093997910636,39.90319886706618,116.40706195135955,normal
2026-01-01 08:01:51.777322692,31.394499940921314,16.29470910331681,39.90318416473016,116.40702944151414,normal
2026-01-01 08:01:51.877322692,39.634681116085254,16.70858714307198,39.90318044624055,116.40701830593869,normal
2026-01-01 08:01:51.977322692,72.13405537917795,29.231205874045976,39.9031484583453,116.40701895871543,normal
2026-01-01 08:01:52.077322692,65.91314755151066,5.042066402436635,39.90319400007526,116.40704170633737,normal
2026-01-01 08:01:52.177322692,46.54485504511048,16.891833798535927,39.90316930983529,116.40704969572482,normal
2026-01-01 08:01:52.277322692,40.570052172523006,21.52339111940046,39.903148670509616,116.4070559051799,normal
2026-01-01 08:01:52.377322692,41.80046990077392,23.593749770280276,39.90313986532553,116.40703335990406,normal
2026-01-01 08:01:52.477322692,49.20276959095625,15.921546454472939,39.90316562684003,116.4070102210761,normal
2026-01-01 08:01:52.577322692,24.658111522023916,20.27552809364673,39.90316591702001,116.40701667116932,normal
2026-01-01 08:01:52.677322692,,0.09338117269608404,39.90314119430409,116.40698938904944,normal
2026-01-01 08:01:52.777322692,14.971238891836158,14.734012701329213,39.90316628107131,116.40697875149444,normal
2026-01-01 08:01:52.877322692,45.98834683907919,23.628069700435738,39.90318090108384,116.40698876984102,normal
2026-01-01 08:01:52.977322692,49.707939095541114,12.141647725962564,39.903191669782984,116.40696912335557,normal
2026-01-01 08:01:53.077322692,32.75220306550939,-9.674336822203674,39.90320598446781,116.40700123047482,normal
2026-01-01 08:01:53.177322692,63.60980144935049,23.574980006421583,39.90325387170582,116.4070257092017,normal
2026-01-01 08:01:53.277322692,21.613515054964882,17.25960639313788,39.90329757360372,116.40699428080174,normal
2026-01-01 08:01:53.377322692,,21.363710167972567,39.90328383929686,116.40697563337687,warning
2026-01-01 08:01:53.477322692,43.36677727839958,12.298139477723101,39.903316316996715,116.40692991783199,normal
2026-01-01 08:01:53.577322692,55.70647453918232,18.34710976243163,39.90332398036051,116.40691426600473,normal
2026-01-01 08:01:53.677322692,65.25891537186803,24.88172935671378,39.90333396227684,116.40692959377427,normal
2026-01-01 08:01:53.777322692,33.1167360569659,21.255783687747474,39.9033001168602,116.40692131587542,normal
2026-01-01 08:01:53.877322692,56.180212501469434,15.307749843488516,39.9032967091449,116.4069305318203,normal
2026-01-01 08:01:53.977322692,39.422372957489394,21.793731234326344,39.90328045267309,116.40690008513393,normal
2026-01-01 08:01:57.620661976,,25.716878325092942,39.90329701384939,116.40691604463902,normal
2026-01-01 08:01:57.720661976,53.25489906230008,3.600469771380176,39.9033184354594,116.40690494245446,error
2026-01-01 08:01:57.820661976,49.78484317620129,29.272592519647183,39.90327694573237,116.4069051858481,normal
2026-01-01 08:01:57.920661976,,17.309962090551423,39.903276505035095,116.40690332835807,normal
2026-01-01 08:01:58.020661976,62.14810524588844,23.40391946592184,39.90329894226519,116.40687789738766,normal
2026-01-01 08:01:58.120661976,60.70137031221177,29.57797538916182,39.90329520868595,116.40685483570103,normal
2026-01-01 08:01:58.220661976,30.616559477357058,9.026610422156272,39.90330978995885,116.4068741915904,normal
2026-01-01 08:01:58.320661976,45.93705300156114,14.324471980579627,39.9033168132682,116.40688217143355,normal
2026-01-01 08:01:58.420661976,47.41045279424108,17.691610432994363,39.903323646472835,116.40690317241439,normal
2026-01-01 08:01:58.520661976,43.910106487358604,13.729971831004573,39.903318220173276,116.4069096655791,normal
2026-01-01 08:01:58.620661976,31.745422692318698,33.87949260669447,39.903293888557194,116.40691252539179,normal
2026-01-01 08:01:58.720661976,29.925649480929227,13.145823249385657,39.90327145795424,116.40687800517942,normal
2026-01-01 08:01:58.820661976,39.61668893512832,15.555625764105066,39.90328564500453,116.40687259784548,normal
2026-01-01 08:01:58.920661976,,21.635112252823813,39.903286034169646,116.40687205015908,normal
2026-01-01 08:01:59.020661976,48.15400231891648,10.38280379139129,39.90328326392475,116.40691111230304,normal
2026-01-01 08:01:59.120661976,34.44078501870841,16.83455430594989,39.9032747861239,116.40692485143568,normal
2026-01-01 08:01:59.220661976,51.57548065972517,22.539626090001402,39.903268682347,116.40695557265931,normal
2026-01-01 08:01:59.320661976,-2.72813930945113,17.33711676493991,39.90328962058288,116.40696752341343,normal
2026-01-01 08:01:59.420661976,57.23148550558155,19.252905128800414,39.90328291570125,116.40695329734889,normal
2026-01-01 08:01:59.520661976,13.904293318328506,15.765343100413034,39.903256094406984,116.40695563983321,normal
2026-01-01 08:01:59.620661976,,7.884237526553864,39.903270967442495,116.40696036430614,normal
2026-01-01 08:01:59.720661976,23.20495158060784,22.57274569071391,39.90326686990922,116.40694158119474,normal
2026-01-01 08:01:59.820661976,20.579777864186415,34.03946457317793,39.903267497826526,116.40693389344722,normal
2026-01-01 08:01:59.920661976,57.41240181067779,20.147213046267506,39.90329964939265,116.40692977810734,normal
2026-01-01 08:02:00.020661976,32.98448198032163,21.802112937980397,39.9032992381815,116.406961890504,normal
2026-01-01 08:02:00.120661976,45.197558225960734,25.541782040934876,39.90330502185497,116.40692027569348,normal
2026-01-01 08:02:00.220661976,39.29619131681224,9.845356027626407,39.90328144338514,116.4069443920619,normal
2026-01-01 08:02:00.320661976,47.15561240834682,33.620117265036846,39.9032770499961,116.4069256561572,normal
2026-01-01 08:02:00.420661976,41.15232836590383,21.618630371382416,39.903289240517,116.40689821457346,normal
2026-01-01 08:02:00.520661976,20.755116637171454,33.05485519271287,39.90325813304232,116.40692181341606,normal
2026-01-01 08:02:00.620661976,54.9440022917071,14.135736035808085,39.90326214994418,116.40693645137745,normal
2026-01-01 08:02:00.720661976,32.593651252580315,34.5444953804626,39.90326416576564,116.40696154175149,normal
2026-01-01 08:02:00.820661976,16.651271520103734,26.201243952278265,39.90326499151475,116.40697755579043,normal
2026-01-01 08:02:00.920661976,33.578272585511314,24.424320686818866,39.90328573469272,116.40701875269048,normal
2026-01-01 08:02:01.020661976,62.51139685951466,21.872195634825182,39.90329242346302,116.40702992716722,normal
2026-01-01 08:02:01.120661976,52.753326131702394,18.011771055404406,39.903321984900984,116.4070267976197,normal
2026-01-01 08:02:01.220661976,34.77021798388211,29.60425326779098,39.903302113110676,116.40703365614723,normal
2026-01-01 08:02:01.320661976,34.76113443522357,21.122878958784376,39.90330483160202,116.4070585255298,normal
2026-01-01 08:02:01.420661976,35.17547423173926,4.263442371302782,39.90330652093775,116.4070429380233,normal
2026-01-01 08:02:01.520661976,71.15121975341262,11.06250830634398,39.903285135847874,116.40702990025164,normal
2026-01-01 08:02:01.620661976,45.7290317834733,18.513233982458022,39.90330426174791,116.40702372105136,normal
2026-01-01 08:02:01.720661976,46.45062470786604,22.47999186532444,39.90335075521403,116.40698162939537,normal
2026-01-01 08:02:01.820661976,55.45425181047763,19.547292088800834,39.90335041509254,116.40698439096354,normal
2026-01-01 08:02:01.920661976,43.581837385397705,29.751766318349304,39.90336051551431,116.40694666838947,normal
2026-01-01 08:02:02.020661976,36.11436781268945,4.391185087691001,39.90336220588382,116.40694772957573,normal
2026-01-01 08:02:02.120661976,37.05475226372533,21.14870349204128,39.90334793419043,116.40696503537085,normal
2026-01-01 08:02:02.220661976,38.92598110878904,5.456166196902762,39.90331151898487,116.40695549784164,normal
2026-01-01 08:02:02.320661976,39.44166645235238,26.077698363873345,39.90329740351521,116.40698904015905,normal
2026-01-01 08:02:02.420661976,50.9144431545547,19.244330284463977,39.90326956434759,116.40695983014105,normal
2026-01-01 08:02:02.520661976,40.77918828710949,23.356879776192944,39.90330364638915,116.40698365535468,normal
2026-01-01 08:02:02.620661976,50.98960115823369,13.08893631528187,39.90330134419527,116.40699715809582,normal
2026-01-01 08:02:02.720661976,38.78925129837126,30.235719453262007,39.90329442580869,116.40696283743085,normal
2026-01-01 08:02:02.820661976,287.4784165241252,28.33379731247081,39.90331220888518,116.40701705331684,normal
2026-01-01 08:02:02.920661976,10.026989732018386,24.6683544240951,39.90328977386313,116.40701577841112,normal
2026-01-01 08:02:03.020661976,53.74491512053722,18.963862025092475,39.90327443658237,116.40699822873067,normal
2026-01-01 08:02:03.120661976,45.19732713846989,24.638858282361056,39.90327579802776,116.40697008698677,normal
2026-01-01 08:02:03.220661976,54.97015164789478,14.344859456101208,39.903296373407585,116.40696568662622,normal
2026-01-01 08:02:03.320661976,-3.4438306729053423,26.844445272165697,39.90330640710849,116.40696313848878,normal
2026-01-01 08:02:03.420661976,,33.19584715459137,39.90331137361134,116.40696519139935,normal
2026-01-01 08:02:03.520661976,37.90615557767239,28.564884479833488,39.90331293596604,116.40695923547622,normal
2026-01-01 08:02:03.620661976,56.622742251062746,14.163180241540724,39.90332094068315,116.40697189998242,normal
2026-01-01 08:02:03.720661976,24.401411093117037,22.891338538184822,39.903324973741256,116.40696414738578,normal
2026-01-01 08:02:03.820661976,49.191608575938545,9.654867649930818,39.90330437429576,116.40692544810344,normal
2026-01-01 08:02:03.920661976,24.198766552395156,24.579122489405407,39.90330529588019,116.40692246087352,normal
2026-01-01 08:02:04.020661976,30.643465589562922,23.60482730290031,39.903283822107014,116.40687511132045,normal
2026-01-01 08:02:04.120661976,68.71047030800179,5.041469283742687,39.90328544375787,116.40688218673307,normal
2026-01-01 08:02:04.220661976,37.1397639885498,10.70572924870109,39.90327583079904,116.40686260072846,normal
2026-01-01 08:02:04.320661976,43.26149309769584,17.73488882604986,39.9033266184315,116.40686586793557,normal
2026-01-01 08:02:04.420661976,53.05101596033131,17.59312202287339,39.90332582054382,116.4068921494352,normal
2026-01-01 08:02:04.520661976,47.43522831958907,10.324184516649558,39.903297735752496,116.40687317446128,normal
2026-01-01 08:02:04.620661976,42.256283577153646,23.11182983481747,39.90329505214828,116.40689439958645,normal
2026-01-01 08:02:04.720661976,45.47441503699338,22.011788871524097,39.9033054393232,116.40688573179511,warning
2026-01-01 08:02:04.820661976,76.05123377857413,18.445846944171844,39.903338906602116,116.40692079569116,normal
2026-01-01 08:02:04.920661976,39.13571804449622,13.953667998733096,39.90332711755412,116.40691349263889,normal
2026-01-01 08:02:05.020661976,43.016485700724516,28.38965701133251,39.90329546899464,116.40689668277919,normal
2026-01-01 08:02:05.120661976,55.75981594011418,33.243256904706364,39.903311805734866,116.4069104275482,normal
2026-01-01 08:02:05.220661976,56.58288899436975,16.131508129227704,39.90328419376075,116.4069017117536,normal
2026-01-01 08:02:05.320661976,57.805454583405705,15.102664662761434,39.90327547065192,116.40688488276332,normal
2026-01-01 08:02:05.420661976,49.580953330437765,23.92966132329597,39.90327031824221,116.40687532596631,normal
2026-01-01 08:02:05.520661976,22.854926309042746,17.135764962024112,39.903268925573144,116.40687443383567,normal
2026-01-01 08:02:05.620661976,64.50147298451644,18.884822394694126,39.903282708862285,116.4069012774383,normal
2026-01-01 08:02:05.720661976,22.80481910471968,25.917225213797373,39.90326903617664,116.40686259568338,normal
2026-01-01 08:02:05.820661976,44.5395319785855,4.725151299941658,39.903263561591594,116.40686305729656,normal
2026-01-01 08:02:05.920661976,28.68586224970963,30.546418598821354,39.90326327618454,116.40687555536846,normal
2026-01-01 08:02:06.020661976,39.03792480110511,20.58144419463473,39.90326626814369,116.40687942433995,normal
2026-01-01 08:02:06.120661976,44.93143615455221,16.70805484350256,39.90326822468718,116.40690562164335,normal
2026-01-01 08:02:06.220661976,44.8203582317541,19.28612676622841,39.903276944802684,116.40690413473675,normal
2026-01-01 08:02:06.320661976,46.32881131352927,19.699434840164148,39.903293821592875,116.4069004437079,normal
2026-01-01 08:02:06.420661976,64.20566903587971,6.150389572440597,39.90330167427519,116.40691229029885,normal
2026-01-01 08:02:06.520661976,46.803014522709695,31.95950581962589,39.903310745985664,116.40691427657514,normal
2026-01-01 08:02:06.620661976,36.33765047064027,20.33060505816495,39.90327910152233,116.40690646840038,normal
2026-01-01 08:02:06.720661976,54.46130752432536,23.544017043579,39.90328010607631,116.40691679128116,normal
2026-01-01 08:02:06.820661976,57.842057333869604,27.612398164592342,39.90328969622727,116.40690374071531,normal
2026-01-01 08:02:06.920661976,21.585882772945112,11.830700339517598,39.90330427505116,116.40689151717226,normal
2026-01-01 08:02:07.020661976,48.96100104774787,23.787775192281828,39.903290428035675,116.40688095729183,normal
2026-01-01 08:02:07.120661976,50.517591134663476,17.85887127280965,39.90327724725018,116.40690801867503,normal
2026-01-01 08:02:07.220661976,35.53654744960012,26.77416620173195,39.903265765236675,116.4068435983479,normal
2026-01-01 08:02:07.320661976,60.635602199674295,2.982180637188037,39.903276493514674,116.4068515103246,normal
2026-01-01 08:02:07.420661976,37.7491661945121,19.207245598069846,39.90329717113577,116.40685219576089,warning
2026-01-01 08:02:07.520661976,41.88364680207313,15.177434753728306,39.903289021933624,116.4068185783517,normal
2026-01-01 08:02:07.620661976,37.40392263574196,23.458103605073244,39.9033071811799,116.40682477288729,normal
2026-01-01 08:02:07.720661976,40.23368571372201,23.760353498945616,39.90330965077608,116.40683428792713,normal
2026-01-01 08:02:07.820661976,23.55587369657197,14.338992841423792,39.90330716506054,116.40684608071174,normal
2026-01-01 08:02:07.920661976,18.399236761085586,14.302609086591652,39.90330293737594,116.40679304415049,normal
2026-01-01 08:02:08.020661976,63.917575948374584,19.114677051541364,39.903317869603235,116.40682037193872,normal
2026-01-01 08:02:08.120661976,27.295579775225082,12.826862181478335,39.90332438115957,116.40680561720464,normal
2026-01-01 08:02:08.220661976,25.129114758155392,26.735869563617015,39.90336989766812,116.40681934855957,normal
2026-01-01 08:02:08.320661976,7.699148295944276,17.04634239642043,39.903352853175264,116.40683417003518,normal
2026-01-01 08:02:08.420661976,30.415573784657468,-3.2559057545731314,39.9033632152093,116.40681663609347,normal
2026-01-01 08:02:08.520661976,20.153653098887524,17.001423547025553,39.90335263118911,116.40682984529252,normal
2026-01-01 08:02:08.620661976,64.63022740204553,11.691649433248221,39.90333524544936,116.4068221354277,normal
2026-01-01 08:02:08.720661976,55.14725634013951,6.949793476312436,39.903335028106625,116.40678070788411,normal
2026-01-01 08:02:08.820661976,29.67774482233414,10.10058689421942,39.90333777515621,116.40680406272263,normal
2026-01-01 08:02:08.920661976,73.78653708016463,20.87526777466376,39.903396138627315,116.40678856182336,normal
2026-01-01 08:02:09.020661976,54.72648230487391,30.629126625985847,39.903392455711,116.4067714719541,normal
2026-01-01 08:02:09.120661976,35.12752924737066,22.50547579091984,39.903369852136414,116.40676341063674,normal
2026-01-01 08:02:09.220661976,2.5089142768964052,15.147972894274083,39.90337531235076,116.40676885537125,normal
2026-01-01 08:02:09.320661976,74.36413858886112,23.64723356136562,39.90333381955001,116.40676770996303,normal
2026-01-01 08:02:09.420661976,19.15641299854606,16.327277518248067,39.90333198041436,116.40677867130152,normal
2026-01-01 08:02:09.520661976,15.319018795646624,14.443197046694843,39.903332300920006,116.4067518815142,normal
2026-01-01 08:02:09.620661976,55.338556480144604,10.765098654136125,39.90334819292766,116.4067370337868,normal
2026-01-01 08:02:09.720661976,76.59628609508908,5.985369545986247,39.90336766537265,116.40673471384534,normal
2026-01-01 08:02:09.820661976,60.764092277657774,16.88061034752444,39.903357593980274,116.4067726715912,warning
2026-01-01 08:02:09.920661976,48.45863680078539,21.264427919361054,39.90335458169998,116.40677039534043,normal
2026-01-01 08:02:10.020661976,48.92131512497929,19.22701063988088,39.90333925928337,116.4067920997857,normal
2026-01-01 08:02:10.120661976,52.80123338170462,16.67226457642113,39.90331669803227,116.40679287088908,normal
2026-01-01 08:02:10.220661976,51.38392884680148,12.434031514425751,39.90332289592786,116.40678319771634,normal
2026-01-01 08:02:10.320661976,44.21787135954064,24.86596953347975,39.90329742421689,116.40677826322785,normal
2026-01-01 08:02:10.420661976,41.56301655927814,9.46294464042732,39.903289131678875,116.4067748948336,normal
2026-01-01 08:02:10.520661976,39.06110308150716,26.208223310747805,39.903269228199676,116.40678696774839,warning
2026-01-01 08:02:10.620661976,28.690531166999854,11.982263848586202,39.903280221863405,116.40681445997375,normal
2026-01-01 08:02:10.720661976,35.78987384699839,13.98051810117572,39.90331625046539,116.4068216535907,normal
2026-01-01 08:02:10.820661976,14.605647787069216,8.265718475074584,39.903290218705735,116.40684539514427,normal
2026-01-01 08:02:10.920661976,38.52490559807875,15.988782824914907,39.90325315833608,116.40682609934952,normal
2026-01-01 08:02:11.020661976,25.171133392736238,27.80249966782383,39.90325066059837,116.40681780673934,normal
2026-01-01 08:02:11.120661976,23.446160241763437,24.125024707551653,39.90325097455429,116.40680332068865,normal
2026-01-01 08:02:11.220661976,42.698412267302174,27.82737689622428,39.90325534774042,116.40680960958048,normal
2026-01-01 08:02:11.320661976,60.88003429516899,24.177140367471488,39.90324642133012,116.40680243041277,normal
2026-01-01 08:02:11.420661976,53.774749090034696,11.170641371757046,39.903242408544145,116.4068170258715,normal
2026-01-01 08:02:11.520661976,16.442490945652345,17.353686205379542,39.90324975875235,116.40679840583728,normal
2026-01-01 08:02:11.620661976,25.155577951444936,13.7584069670603,39.90327056737021,116.40679926645674,normal
2026-01-01 08:02:11.720661976,54.111567819823236,30.644599232312324,39.9032314663948,116.40681300361496,normal
2026-01-01 08:02:11.820661976,25.262689096925357,10.425690828589508,39.90322408760602,116.40677169755946,normal
2026-01-01 08:02:11.920661976,36.63050275004463,27.149581515112885,39.9032283637819,116.40681413018561,normal
2026-01-01 08:02:12.020661976,48.25078148536828,27.143630960870155,39.903210004259805,116.40680846714791,normal
2026-01-01 08:02:12.120661976,25.47483317704547,34.6369616137287,39.90324462765244,116.40676796634963,normal
2026-01-01 08:02:12.220661976,41.580632592189396,16.722507258964022,39.90323191945483,116.4067711282276,normal
2026-01-01 08:02:12.320661976,19.989617576226934,25.698577276641295,39.90323109360109,116.40677179709697,normal
2026-01-01 08:02:12.420661976,30.979485340731795,38.25321469231074,39.90324221404303,116.40677015920937,normal
2026-01-01 08:02:12.520661976,44.79672901213806,15.058866584530428,39.903230388347254,116.40678998303163,normal
2026-01-01 08:02:12.620661976,16.105093997024962,7.7196780197411226,39.9031934568863,116.40680493193106,normal
2026-01-01 08:02:12.720661976,46.607121069405984,4.959919728737891,39.90318488379576,116.40681088945489,normal
2026-01-01 08:02:12.820661976,39.70543301609978,25.70169623089065,39.90320547260688,116.40681989256757,normal
2026-01-01 08:02:12.920661976,48.28734931625722,4.93479833553133,39.90319873470435,116.40681780539857,normal
2026-01-01 08:02:13.020661976,43.358712010969924,17.021447576496616,39.90318180601832,116.40685331521556,normal
2026-01-01 08:02:13.120661976,60.46210644960766,23.498505496311687,39.903200319462506,116.40682373129519,normal
2026-01-01 08:02:13.220661976,41.87836753971861,21.48140429463931,39.90319370396458,116.40682652432868,normal
2026-01-01 08:02:13.320661976,33.558916883121206,23.40355891347338,39.90318350074831,116.4068278248213,normal
2026-01-01 08:02:13.420661976,41.83446254548426,21.778318846406833,39.90318648987011,116.40684409042942,normal
2026-01-01 08:02:13.520661976,48.14947043554582,30.230926506507146,39.9032019048743,116.40682721335187,normal
2026-01-01 08:02:13.620661976,40.732901054885566,12.381468954089623,39.90324953914493,116.40679233989982,normal
2026-01-01 08:02:13.720661976,40.608875368058236,14.58403889233175,39.90326608386709,116.40679547636014,warning
2026-01-01 08:02:13.820661976,29.47012468289867,13.818724437833408,39.903289280666414,116.40680110096999,normal
2026-01-01 08:02:13.920661976,30.05648623673578,26.64153449490088,39.90327916134243,116.40683089295818,normal
2026-01-01 08:02:14.020661976,18.960920923004597,27.203188707160507,39.903258643980315,116.40680548571726,normal
2026-01-01 08:02:14.120661976,66.24365114780409,23.609802554548065,39.90325989060731,116.40682857959258,normal
2026-01-01 08:02:14.220661976,21.342051469130723,29.46794933511942,39.903262034005614,116.40687592787987,normal
2026-01-01 08:02:14.320661976,29.606422033061392,10.575673060988954,39.903240463750784,116.40686837258212,normal
2026-01-01 08:02:14.420661976,29.22389101646204,33.3377928924091,39.90323695786019,116.40684255373773,normal
2026-01-01 08:02:14.520661976,53.42386565416662,32.18590897369806,39.90324494421222,116.4068344142504,normal
2026-01-01 08:02:14.620661976,35.57575482561958,25.884975977965972,39.90325215208012,116.40683469434975,normal
2026-01-01 08:02:14.720661976,58.716131090106,34.25439127016848,39.90326223783719,116.40684597010724,normal
2026-01-01 08:02:14.820661976,29.897640636341972,6.747014338577809,39.90326805713179,116.40683414221265,normal
2026-01-01 08:02:14.920661976,44.18491243335703,15.804414909898785,39.90325791695861,116.40686524618333,normal
2026-01-01 08:02:15.020661976,27.46979420110364,14.117572314544383,39.90324763894607,116.40684295553703,normal
2026-01-01 08:02:15.120661976,72.17723691660083,25.771834590058745,39.90322365991811,116.406808171434,normal
2026-01-01 08:02:15.220661976,22.186023714557308,11.598874083182835,39.903259355418896,116.40683030564247,normal
2026-01-01 08:02:15.320661976,44.64731065340541,26.059961194699884,39.90325962442619,116.40678481322185,normal
2026-01-01 08:02:15.420661976,49.50665321398148,30.96428915197371,39.90325512736507,116.40678073062648,normal
2026-01-01 08:02:15.520661976,46.20698646177247,25.561623200671995,39.90323655152344,116.40684308424906,normal
2026-01-01 08:02:15.620661976,37.220685116834375,22.27000818929201,39.90329526468149,116.406842843378,normal
2026-01-01 08:02:15.720661976,38.05268950399861,12.097013272794007,39.90327379812085,116.40682042802499,normal
2026-01-01 08:02:15.820661976,40.657172079686646,13.225192270997084,39.903265221162336,116.40681928007571,normal
2026-01-01 08:02:15.920661976,37.79496997557267,29.996951242373335,39.90327353789906,116.40681826405994,warning
2026-01-01 08:02:16.020661976,54.45818675192365,26.23479203124266,39.90328554215837,116.40682147705874,normal
2026-01-01 08:02:16.120661976,73.15784502387027,19.687843844979646,39.90330470079948,116.4068347223184,normal
2026-01-01 08:02:16.220661976,31.637623224882496,16.656723633872875,39.903340852969635,116.40681394009502,normal
2026-01-01 08:02:16.320661976,19.452955306313832,3.793537015108985,39.903350976122745,116.40684769105613,normal
2026-01-01 08:02:16.420661976,38.67576927473118,11.43318065052449,39.90332985550675,116.40685259334181,normal
2026-01-01 08:02:16.520661976,78.69564006481477,35.29135269711779,39.90332471660424,116.40686712922275,normal
2026-01-01 08:02:16.620661976,27.944881480454036,9.756355431980266,39.90333087325169,116.40685456623474,normal
2026-01-01 08:02:16.720661976,64.58675208166102,21.515838569768647,39.90337223777252,116.40688029387749,normal
2026-01-01 08:02:16.820661976,65.1655122111466,28.059551785561588,39.90334428166295,116.40687515282931,normal
2026-01-01 08:02:16.920661976,31.69617637438008,9.96061865598166,39.90336833319306,116.40688070387958,normal
2026-01-01 08:02:17.020661976,48.534746187779135,21.477683798248666,39.90337193148045,116.40686204175803,normal
2026-01-01 08:02:17.120661976,64.42594934692806,27.50332430008524,39.903388688091155,116.40684210312551,normal
2026-01-01 08:02:17.220661976,34.313083885187694,20.099994575258002,39.90338664819682,116.40685586723164,normal
2026-01-01 08:02:17.320661976,36.946294598464576,42.94722444533414,39.903369799544215,116.40684699509504,normal
2026-01-01 08:02:17.420661976,31.274786290770344,6.651205928974438,39.903384816999804,116.40682991863328,normal
2026-01-01 08:02:17.520661976,24.778649039606996,28.46982823907103,39.90339790562035,116.40681705496644,normal
2026-01-01 08:02:17.620661976,30.260836824009893,18.617586100828284,39.90341734675966,116.40683103402787,normal
2026-01-01 08:02:17.720661976,21.64089599856615,26.1753612386934,39.903417080666955,116.40681845327065,normal
2026-01-01 08:02:17.820661976,40.51125202388839,23.530457213593966,39.90340508422649,116.40681610017202,normal
2026-01-01 08:02:17.920661976,28.450401534120374,14.134750423120028,39.903373908486586,116.40681640072702,normal
2026-01-01 08:02:18.020661976,43.50678867686121,21.83197113967472,39.90339029595195,116.4067780537493,warning
2026-01-01 08:02:18.120661976,16.66156530694559,5.136788388813702,39.9033987737416,116.40674863122119,normal
2026-01-01 08:02:18.220661976,44.96320348321686,24.82598000457115,39.90337945808894,116.40675535677899,normal
2026-01-01 08:02:18.320661976,52.50293442413387,22.385267727924205,39.90336868661548,116.40674061619175,normal
2026-01-01 08:02:18.420661976,10.093965361428168,25.10928134914482,39.90335935143924,116.40676175068998,normal
2026-01-01 08:02:18.520661976,45.61084854771358,28.464946600697203,39.9033296917506,116.40678108683207,normal
2026-01-01 08:02:18.620661976,58.41503488709938,22.94095872167769,39.90331333810267,116.4067954702054,normal
2026-01-01 08:02:18.720661976,21.855384719631918,21.18471535838621,39.90329066149553,116.40683186564114,normal
2026-01-01 08:02:18.820661976,65.08858580256555,12.951453306709663,39.90328241191529,116.40683020385458,normal
2026-01-01 08:02:18.920661976,46.28528514049068,14.302233890807592,39.90326763796533,116.4068431814931,normal
2026-01-01 08:02:19.020661976,29.424822163623865,29.49387696141865,39.90323509786691,116.40683149347358,normal
2026-01-01 08:02:19.120661976,39.16346383513441,31.49068324564783,39.90327554967152,116.40688054087184,normal
2026-01-01 08:02:22.739172232,48.374903687825835,18.09511650950357,39.90330060048614,116.40692021354488,normal
2026-01-01 08:02:22.839172232,41.14008087118617,20.368021978026192,39.90328502009771,116.40692045115357,normal
2026-01-01 08:02:22.939172232,48.08133988669554,12.763085000049871,39.90329046852565,116.40692818287818,normal
2026-01-01 08:02:23.039172232,,29.38205476213956,39.90329881782744,116.40695536883015,normal
2026-01-01 08:02:23.139172232,42.54041236054117,25.32333458953423,39.903322639544534,116.40695242604006,normal
2026-01-01 08:02:23.239172232,18.794282546425297,35.52973949170999,39.903306267444,116.40693929355865,normal
2026-01-01 08:02:23.339172232,38.33160907976949,12.973415382562088,39.90332810957968,116.40695677335367,normal
2026-01-01 08:02:23.439172232,26.44138537802815,16.97593680785426,39.9033171514736,116.40695834213858,normal
2026-01-01 08:02:23.539172232,28.967050861153503,21.85156738020458,39.90329043422552,116.40696200202758,normal
2026-01-01 08:02:23.639172232,58.54139762815656,25.171916301806164,39.9033049169567,116.40694531660071,normal
2026-01-01 08:02:23.739172232,56.369651808914035,18.27465889961894,39.903330732125184,116.40691096315776,normal
2026-01-01 08:02:23.839172232,49.137071813607655,13.016311276370397,39.90338249030465,116.40691568600595,normal
2026-01-01 08:02:23.939172232,23.615308529911314,27.051260231388568,39.90335849579935,116.40693378524678,normal
2026-01-01 08:02:24.039172232,35.25387325457797,25.76908290036465,39.903372474193056,116.4069292691118,normal
2026-01-01 08:02:24.139172232,58.19646549968775,12.6698071954902,39.903364278168176,116.4069579977022,normal
2026-01-01 08:02:24.239172232,42.12575370459857,30.843542408843966,39.90337994534239,116.40694391937568,normal
2026-01-01 08:02:24.339172232,74.7899430997254,29.36158967357283,39.90335053555136,116.40692282528659,normal
2026-01-01 08:02:24.439172232,45.89976759091558,21.07437197798234,39.90332528015585,116.40692148068044,normal
2026-01-01 08:02:24.539172232,42.880736747350475,20.636782899008292,39.90330976265939,116.40691982882893,normal
2026-01-01 08:02:24.639172232,35.363253036962476,24.43246216892726,39.9033113419403,116.40693522820355,normal
2026-01-01 08:02:24.739172232,42.00311357173423,13.106375437949936,39.90329852031497,116.40691972894707,normal
2026-01-01 08:02:24.839172232,37.712952454291845,20.24025183331266,39.90331170140185,116.4069470908318,normal
2026-01-01 08:02:24.939172232,50.621630150328855,2.780931643126557,39.903332239294215,116.40698642917106,normal
2026-01-01 08:02:25.039172232,54.35053475191876,27.011645164023484,39.903344230845036,116.40698564629052,normal
2026-01-01 08:02:25.139172232,28.21015809238076,7.508054220465125,39.90337660659783,116.40701064049892,normal
2026-01-01 08:02:25.239172232,20.031505696633328,32.027358627431994,39.90338492313042,116.40698951055751,normal
2026-01-01 08:02:25.339172232,12.456919403450552,17.3590392482684,39.90336058519621,116.40701101498834,normal
2026-01-01 08:02:25.439172232,47.619869903688155,18.306664144550584,39.90338785272648,116.4070319605165,normal
2026-01-01 08:02:25.539172232,23.449500907391897,14.978128751323954,39.90337574960177,116.40704922926211,normal
2026-01-01 08:02:25.639172232,7.706641105712755,17.69568900862339,39.903393957971765,116.40704891800033,normal
2026-01-01 08:02:25.739172232,45.82867906796446,31.348250761184293,39.9034254326561,116.40698983302151,normal
2026-01-01 08:02:25.839172232,77.39499276149186,0.09753074771936454,39.90343456641631,116.40697699847864,normal
2026-01-01 08:02:25.939172232,39.9089363269016,30.215723088705502,39.903404643240044,116.40696448015828,warning
2026-01-01 08:02:26.039172232,52.577361616774624,22.704187848813664,39.90338627899672,116.40694491505953,normal
2026-01-01 08:02:26.139172232,41.22744037821347,10.343826817142276,39.90341273388606,116.40694735991961,normal
2026-01-01 08:02:26.239172232,38.51665520213286,11.397500855606097,39.903409351432344,116.40693898065071,normal
2026-01-01 08:02:26.339172232,53.786147244816526,33.41114421766562,39.903410942903044,116.4069224884105,normal
2026-01-01 08:02:26.439172232,35.64588183717023,12.435944960458151,39.90342611939136,116.40690131240754,normal
2026-01-01 08:02:26.539172232,44.010884711078546,10.773195915232325,39.903440045848605,116.40688700214783,normal
2026-01-01 08:02:26.639172232,44.8254670929402,29.098516338917833,39.90344562184485,116.40690943213207,normal
2026-01-01 08:02:26.739172232,29.97864319535427,22.708423010287312,39.90344144847743,116.40689621163098,normal
2026-01-01 08:02:26.839172232,54.88063524304784,12.496595387708808,39.903435195108514,116.40688591285685,normal
2026-01-01 08:02:26.939172232,37.37560364956887,21.73299980323695,39.90345235308502,116.40687677890455,normal
2026-01-01 08:02:27.039172232,28.66382260760733,11.793978530877782,39.90346342447564,116.40688355877482,normal
2026-01-01 08:02:27.139172232,48.047647653556055,28.80657118738084,39.90345827847563,116.4068926837646,normal
2026-01-01 08:02:27.239172232,26.522980273134444,28.49096771898507,39.90347992072189,116.40683179063382,normal
2026-01-01 08:02:27.339172232,40.42271736053692,24.256049590575543,39.903477340039586,116.40685222333809,normal
2026-01-01 08:02:27.439172232,39.86321505033695,22.893288489976133,39.9034603067961,116.40688095069878,normal
2026-01-01 08:02:27.539172232,56.28843348747367,34.08950499893899,39.90344512738212,116.40685994696803,normal
2026-01-01 08:02:27.639172232,47.12047349319929,19.997490619105804,39.903425552565395,116.40684050100313,normal
2026-01-01 08:02:27.739172232,39.624595618822845,10.54500699663359,39.90342010436506,116.40683149593538,normal
2026-01-01 08:02:27.839172232,52.266494488004305,23.595791302658455,39.90344477885063,116.40681637585499,normal
2026-01-01 08:02:27.939172232,60.8531132352597,36.68837639629691,39.90342867694701,116.40682085439246,normal
2026-01-01 08:02:28.039172232,48.36715459527793,11.881924054513183,39.90343244646223,116.40678192388674,normal
2026-01-01 08:02:28.139172232,40.15528929765071,17.108297866448115,39.90341931267532,116.40675956533458,warning
2026-01-01 08:02:28.239172232,20.322456514747607,23.331568304811622,39.903414106494495,116.40679034927858,normal
2026-01-01 08:02:28.339172232,24.02329505386941,19.568761207954086,39.90338390567025,116.40677178487923,normal
2026-01-01 08:02:28.439172232,35.421629434679986,12.141571356981483,39.90337949490567,116.4067966534448,normal
2026-01-01 08:02:28.539172232,30.857316967610753,28.974862849843767,39.90337562079807,116.4068037602087,normal
2026-01-01 08:02:28.639172232,37.19543045521831,38.56032577613807,39.903386426556956,116.40676757485441,normal
2026-01-01 08:02:28.739172232,40.849748873456605,21.569051672191257,39.90339089217522,116.40678028143832,normal
2026-01-01 08:02:28.839172232,47.94539131535096,12.767453682111999,39.90336692433272,116.40677792809227,normal
2026-01-01 08:02:28.939172232,38.94251832911363,7.6083157995722,39.903388608297604,116.40676881875115,normal
2026-01-01 08:02:29.039172232,47.297524657393026,22.063807849769447,39.903392814358405,116.40677371789302,normal
2026-01-01 08:02:29.139172232,40.9671162221518,28.831018746530063,39.90339678222875,116.40678321056272,normal
2026-01-01 08:02:29.239172232,10.368001504691932,23.801341971963055,39.90339659858168,116.40679736239916,normal
2026-01-01 08:02:29.339172232,25.909969092718686,19.98076927264917,39.903386243432735,116.40682092745611,normal
2026-01-01 08:02:29.439172232,37.83868666417577,15.28582678568555,39.90339059947953,116.40682909017437,normal
2026-01-01 08:02:29.539172232,21.854578857383387,11.262690938255282,39.90340011124825,116.4068015774926,normal
2026-01-01 08:02:29.639172232,48.998930949943066,26.678010610599056,39.90336517333442,116.40679210458345,normal
2026-01-01 08:02:29.739172232,62.96126248515546,27.310172971084686,39.90335439811768,116.40685096555015,normal
2026-01-01 08:02:29.839172232,58.28142777545975,7.634161706474135,39.90334929917827,116.40686545537136,normal
2026-01-01 08:02:29.939172232,36.79835693604688,32.71871182544547,39.90335442259038,116.40691284111738,error
2026-01-01 08:02:30.039172232,62.36089205274928,24.59256976715201,39.9033782888105,116.40694074979902,normal
2026-01-01 08:02:30.139172232,42.23001185803167,31.196757161166346,39.90336285399421,116.40694558584045,normal
2026-01-01 08:02:30.239172232,34.94371043322941,9.26297801211908,39.90335289475727,116.40695161398185,normal
2026-01-01 08:02:30.339172232,30.798960046885902,9.073406756676489,39.90334264407506,116.40695088238104,normal
2026-01-01 08:02:30.439172232,35.462954702678076,18.808245521861625,39.903326613523255,116.40691612628872,normal
2026-01-01 08:02:30.539172232,34.17734772188157,24.022275415161552,39.903319669793355,116.40691648723377,normal
2026-01-01 08:02:30.639172232,42.55624333563232,34.37088658341571,39.90333508583775,116.40694070072483,normal
2026-01-01 08:02:30.739172232,42.40860971574797,25.648631310521054,39.90331400912785,116.40692870792493,normal
2026-01-01 08:02:30.839172232,40.04569030230122,18.058549785503732,39.90332256541575,116.40693694698491,normal
2026-01-01 08:02:30.939172232,46.55407254619525,11.789046338672863,39.90328852737115,116.40695397880583,normal
2026-01-01 08:02:31.039172232,57.859694121795116,29.8400045817532,39.90327730061122,116.40693578519705,normal
2026-01-01 08:02:31.139172232,54.24331203161986,12.282356593994281,39.90327071082522,116.40692675913975,normal
2026-01-01 08:02:31.239172232,17.726530473251447,33.02774843817858,39.903304208018675,116.40690640090995,normal
2026-01-01 08:02:31.339172232,1.691182976470678,17.724922803147926,39.90329871197258,116.40688995759781,normal
2026-01-01 08:02:31.439172232,54.01479866858911,32.724656580942806,39.903254687103114,116.40686420549214,normal
2026-01-01 08:02:31.539172232,19.496819523768682,25.431450320474227,39.90321470932498,116.4068461965229,normal
2026-01-01 08:02:31.639172232,36.62851897160975,18.904036084460333,39.9032153899167,116.40687458563653,normal
2026-01-01 08:02:31.739172232,22.448304609109606,15.844829025390986,39.903227665333816,116.40685627609595,normal
2026-01-01 08:02:31.839172232,12.970293436299706,17.27273698123136,39.90323517445097,116.40685880528032,normal
2026-01-01 08:02:31.939172232,48.12194092307182,23.426533539001902,39.903238525853084,116.40684874790526,normal
2026-01-01 08:02:32.039172232,51.387327404539704,20.617251969741734,39.90326177104504,116.406872325224,normal
2026-01-01 08:02:32.139172232,31.35234398909921,15.249508735450359,39.90325097922062,116.40689854846993,normal
2026-01-01 08:02:32.239172232,1.1343656178263544,18.674948717458943,39.90326887743174,116.40691582986958,normal
2026-01-01 08:02:32.339172232,31.806333276212758,20.6286162377532,39.90323623713404,116.40692195256064,normal
2026-01-01 08:02:32.439172232,45.877060081038195,2.9701272446815032,39.90321813817738,116.4069173313699,normal
2026-01-01 08:02:32.539172232,17.81632646838807,23.66534491830959,39.903181997349485,116.40689349387581,normal
2026-01-01 08:02:32.639172232,42.750398796687335,12.162230202265546,39.90317650044347,116.40693236445344,error
2026-01-01 08:02:32.739172232,39.77035226240507,10.77334077435404,39.90317557521912,116.40691717099308,normal
2026-01-01 08:02:32.839172232,48.689372494016325,6.501245223114317,39.90317785724897,116.40693044392002,normal
2026-01-01 08:02:32.939172232,41.7937055262123,5.648860017056878,39.90317909491603,116.40695163523148,normal
2026-01-01 08:02:33.039172232,25.403965886776668,9.156419975101686,39.90316054384941,116.40694052962154,normal
2026-01-01 08:02:33.139172232,57.948572524967375,14.327832338956076,39.903156739032525,116.40696128987209,normal
2026-01-01 08:02:33.239172232,37.62205640459545,35.626073100212544,39.90312679009915,116.40697657413615,normal
2026-01-01 08:02:33.339172232,39.590431907351025,15.792962592838368,39.90315405467865,116.40701113341285,normal
2026-01-01 08:02:33.439172232,26.00098061390206,21.42200085014425,39.90314798215719,116.40700174648353,normal
2026-01-01 08:02:33.539172232,33.35076623212734,23.20385109205063,39.90313820443482,116.40697602920318,normal
2026-01-01 08:02:33.639172232,26.727959289596484,21.048521489726788,39.90316998324138,116.40696591940807,normal
2026-01-01 08:02:33.739172232,37.405809101148655,19.380452314192052,39.90314513831071,116.40697009647893,normal
2026-01-01 08:02:33.839172232,65.67562720213516,10.437649891206043,39.90312262656843,116.40697126073347,normal
2026-01-01 08:02:33.939172232,19.421482856029655,31.607420386233695,39.903100702161936,116.40696339197554,normal
2026-01-01 08:02:34.039172232,15.796579031848882,34.457573149103084,39.9030993447343,116.40692520802637,normal
2026-01-01 08:02:34.139172232,62.06755491240413,6.538730447018514,39.90310797736689,116.40693461768628,normal
2026-01-01 08:02:34.239172232,36.86014484272201,11.807771272908964,39.90312277087626,116.40697406457586,normal
2026-01-01 08:02:34.339172232,29.963908920101254,17.76151726098395,39.9031742107826,116.40698334960062,normal
2026-01-01 08:02:34.439172232,55.59857031094115,12.283697640718469,39.90312922213352,116.406995532311,normal
2026-01-01 08:02:34.539172232,30.915766903947038,24.047724427646923,39.90314139684531,116.40700698121714,normal
2026-01-01 08:02:34.639172232,67.39014570320404,14.173822380747096,39.90313025423385,116.40701492215052,normal
2026-01-01 08:02:34.739172232,50.16888807008904,37.32044854245282,39.90311852593087,116.40703355546987,normal
2026-01-01 08:02:34.839172232,32.68132887781446,29.52438875474877,39.90310613048831,116.40704146294348,normal
2026-01-01 08:02:34.939172232,72.35962319898255,21.70059224505772,39.9030879550949,116.40703520940009,normal
2026-01-01 08:02:35.039172232,30.914276154949924,28.215890106557858,39.90312164559158,116.4070192896219,normal
2026-01-01 08:02:35.139172232,51.13143058013961,28.84720339485847,39.90313849153812,116.4070143101488,normal
2026-01-01 08:02:35.239172232,44.48938870609738,15.488420095534053,39.9031389554577,116.40702059273872,normal
2026-01-01 08:02:35.339172232,59.52611934098197,13.470262043664281,39.903165975772744,116.40701427107949,normal
2026-01-01 08:02:35.439172232,63.42266795090279,20.62514450375718,39.903135725193444,116.40702055785316,normal
2026-01-01 08:02:35.539172232,40.4800622359865,26.893088995983554,39.903109111090814,116.40702934085583,normal
2026-01-01 08:02:35.639172232,28.69873194480725,21.11248318922734,39.90306555173617,116.40704600444445,normal
2026-01-01 08:02:35.739172232,46.89958214408675,7.384028142472022,39.903051563445366,116.40707166034383,warning
2026-01-01 08:02:35.839172232,29.834269453718406,13.577404448393262,39.903054797415905,116.40707322049221,normal
2026-01-01 08:02:35.939172232,70.20080871289935,19.408217091244975,39.90305685458746,116.4070470649609,normal
2026-01-01 08:02:36.039172232,42.04802996624106,19.39467516539336,39.90305984142568,116.40704016287897,normal
2026-01-01 08:02:36.139172232,,35.78033741431847,39.90303162028906,116.40704104413031,normal
2026-01-01 08:02:36.239172232,42.77020458797362,8.912096460808016,39.90304768338391,116.40700432875519,normal
2026-01-01 08:02:36.339172232,19.793105657054554,24.044713934686996,39.903052475934274,116.40703210204559,normal
2026-01-01 08:02:36.439172232,25.425789422340227,31.912904866626317,39.9030671370199,116.40703494960384,normal
2026-01-01 08:02:36.539172232,58.00620861916638,38.17159796338237,39.903029281776355,116.40704257666053,normal
2026-01-01 08:02:36.639172232,30.146585815429063,16.76482061452831,39.90303551159353,116.40706988718978,normal
2026-01-01 08:02:36.739172232,24.296335259770906,23.931435621761597,39.903011756288734,116.40705728433318,normal
2026-01-01 08:02:36.839172232,48.049791287909294,24.558082857589177,39.90300380982368,116.4070687651718,normal
2026-01-01 08:02:36.939172232,57.78556231994496,21.563853852426327,39.90301449712165,116.40706656788933,normal
2026-01-01 08:02:37.039172232,50.784299659976,19.209238390085552,39.90301631899378,116.40706288615199,normal
2026-01-01 08:02:37.139172232,54.940715287087244,23.487803116000368,39.90299928819418,116.40704744230425,normal
2026-01-01 08:02:37.239172232,28.64807367145809,-0.25796868175748244,39.902999413657305,116.40708075436851,normal
2026-01-01 08:02:37.339172232,18.672839998872345,25.45655592050105,39.902968782951,116.40707324436771,normal
2026-01-01 08:02:37.439172232,62.5200047793323,21.009423229295738,39.90299178829892,116.40708723365265,normal
2026-01-01 08:02:37.539172232,35.15980241736796,18.220200825773876,39.90298768261853,116.4070497335049,normal
2026-01-01 08:02:37.639172232,36.23750475317429,36.37489756575646,39.903010053617415,116.40707333327549,warning
2026-01-01 08:02:37.739172232,59.92291212773587,14.600527849675583,39.90299952298368,116.40709437749861,normal
2026-01-01 08:02:37.839172232,48.343450141009896,16.775392087479755,39.902989051463905,116.40709632618082,normal
2026-01-01 08:02:37.939172232,46.83831658122411,35.93242641763787,39.90297376772817,116.4070917873315,normal
2026-01-01 08:02:38.039172232,72.47503517351626,13.343509561201147,39.90299129120681,116.4070997873316,normal
2026-01-01 08:02:38.139172232,30.347226544297854,15.599077736507688,39.90297710258366,116.40714556314482,normal
2026-01-01 08:02:38.239172232,53.917601921218555,18.8237966125532,39.90298999449231,116.40711029841086,normal
2026-01-01 08:02:38.339172232,40.855196873456265,26.725875857036392,39.90298234544436,116.4071259389586,normal
2026-01-01 08:02:38.439172232,44.02888418294886,21.662420058826505,39.902942826178354,116.40710770661256,normal
2026-01-01 08:02:38.539172232,62.927026396187976,9.658997222781899,39.902931419897,116.40710730824463,normal
2026-01-01 08:02:38.639172232,47.61753634434436,15.742651494982484,39.90290783773271,116.40710235064225,normal
2026-01-01 08:02:38.739172232,48.07444118574449,15.141164534302309,39.90290851578719,116.4070937842771,normal
2026-01-01 08:02:38.839172232,56.087610059647034,19.382231638215636,39.902884707632474,116.40709357497451,normal
2026-01-01 08:02:38.939172232,34.52570905685672,23.406749269038635,39.90290322713449,116.40707089155161,normal
2026-01-01 08:02:39.039172232,27.411854989914904,23.345646047103777,39.90290140561728,116.40709147516033,normal
2026-01-01 08:02:39.139172232,24.327862089684494,5.791905967612783,39.90289785369739,116.4070555922901,normal
2026-01-01 08:02:39.239172232,10.504651159359973,28.511527900486847,39.902910971540145,116.40706638758036,normal
2026-01-01 08:02:39.339172232,70.84310694910484,22.02055076797299,39.902930249678825,116.40705985686331,normal
2026-01-01 08:02:39.439172232,23.451874514174754,31.07625638075125,39.90292984770379,116.40703643836544,normal
2026-01-01 08:02:39.539172232,36.68119564621342,23.553586618325376,39.902914423697794,116.40704048603286,normal
2026-01-01 08:02:39.639172232,35.84780050166619,28.8105836618861,39.90287894430548,116.40700934701111,normal
2026-01-01 08:02:39.739172232,44.61110046713651,23.732362491601016,39.902865223310336,116.40701014128754,normal
2026-01-01 08:02:39.839172232,52.23605818808945,30.769806049621984,39.9028528790654,116.4069816837494,normal
2026-01-01 08:02:39.939172232,52.90710232539618,24.17800508814223,39.90285502021446,116.40699090919108,normal
2026-01-01 08:02:40.039172232,31.25383842146592,19.21667802845677,39.90284811727684,116.4069724220444,normal
2026-01-01 08:02:40.139172232,37.49317429320383,38.17947776357505,39.90286187593628,116.40696340216407,normal
2026-01-01 08:02:40.239172232,-16.308460273023314,27.112296978239137,39.902849616270856,116.40696928115183,normal
2026-01-01 08:02:40.339172232,36.2696331072468,24.589955368035305,39.90284847544752,116.40695383030959,normal
2026-01-01 08:02:40.439172232,64.1101836402999,9.789564667693313,39.902872155196384,116.4069526710296,normal
2026-01-01 08:02:40.539172232,47.36462427457377,9.693539060291698,39.90287899170066,116.40692239441957,normal
2026-01-01 08:02:40.639172232,51.02316679074726,22.341723857134827,39.90287779094982,116.40693501193164,normal
2026-01-01 08:02:40.739172232,49.94321903001119,21.164169582145927,39.90286575206099,116.40697031020775,normal
2026-01-01 08:02:40.839172232,57.60210786227987,15.08701947993347,39.90285308743305,116.40702615438511,normal
2026-01-01 08:02:40.939172232,42.7153233805556,21.12786159689648,39.902836075168,116.40702797774804,normal
2026-01-01 08:02:41.039172232,20.547520780662303,32.70901542434876,39.90282525503068,116.40704374183086,normal
2026-01-01 08:02:41.139172232,45.99531927628962,25.56321979640239,39.902840368347455,116.4070081293174,normal
2026-01-01 08:02:41.239172232,30.229646593122567,10.871931921978094,39.90283593058203,116.40703818400392,normal
2026-01-01 08:02:41.339172232,32.07074977375365,19.10792938285645,39.90280893512064,116.40705370857403,normal
2026-01-01 08:02:41.439172232,48.7954602813264,13.560268153179514,39.9028442985065,116.40704402990512,normal
2026-01-01 08:02:41.539172232,58.57424607150453,16.89840066873151,39.90285069781032,116.40706877352113,normal
2026-01-01 08:02:41.639172232,40.319073651040924,16.69107467496286,39.90282255894231,116.4070636839996,normal
2026-01-01 08:02:41.739172232,44.63249518898446,16.178835339167957,39.90281372196377,116.40705452349593,normal
2026-01-01 08:02:41.839172232,,9.958917024212841,39.90281593969143,116.40706403019445,normal
2026-01-01 08:02:41.939172232,43.61129769232853,18.97876254785448,39.90285003153329,116.40704276310444,normal
2026-01-01 08:02:42.039172232,79.02524671270592,15.51513890522152,39.902827869284124,116.40706319559973,normal
2026-01-01 08:02:42.139172232,48.482644684473165,-3.4355895200181443,39.902847390098515,116.4070420758035,normal
2026-01-01 08:02:42.239172232,13.588558612662734,36.42377619601331,39.90287537982705,116.4070210747077,normal
2026-01-01 08:02:42.339172232,51.30012431656799,28.710157233733376,39.90286280674095,116.40700288091193,normal
2026-01-01 08:02:42.439172232,45.71737577324167,16.98959420060003,39.90285725646857,116.40701807091268,normal
2026-01-01 08:02:42.539172232,59.34629131124119,20.150552397924788,39.90283653028363,116.40700573540545,normal
2026-01-01 08:02:42.639172232,50.097720269049375,10.626765221459506,39.902832461060804,116.40697877548976,normal
2026-01-01 08:02:42.739172232,37.92316024024339,33.565783022486926,39.902831729261315,116.40696666188977,normal
2026-01-01 08:02:42.839172232,21.635526455659512,35.17830955818489,39.90284492226128,116.40696602104235,normal
2026-01-01 08:02:42.939172232,36.86465114070962,21.253549825972197,39.9028667259307,116.40694240159267,normal
2026-01-01 08:02:43.039172232,27.242193186860497,28.188245153482757,39.902851764009405,116.4069193679705,normal
2026-01-01 08:02:43.139172232,31.29214825292916,21.40229423147139,39.90281241750812,116.40696159389718,normal
2026-01-01 08:02:43.239172232,48.82867606630914,9.306196488992555,39.90281199261254,116.4069443825891,normal
2026-01-01 08:02:43.339172232,,16.70541304829074,39.90281786336314,116.40693792174173,normal
2026-01-01 08:02:43.439172232,45.920072947344714,21.055423734175655,39.90282285171689,116.40693057700172,normal
2026-01-01 08:02:43.539172232,22.061754069472236,16.363618250052447,39.90281631825194,116.40692214986555,normal
2026-01-01 08:02:43.639172232,46.66904002330211,18.25077378051971,39.90281881329393,116.40693457680035,normal
2026-01-01 08:02:43.739172232,57.94947229968477,19.268803539927085,39.9028491221901,116.40695353965937,normal
2026-01-01 08:02:43.839172232,30.853256435209268,19.35297201707631,39.90285675687348,116.40694742057073,normal
2026-01-01 08:02:43.939172232,37.989742499906235,20.418067923979866,39.90284928950498,116.40692269100501,normal
2026-01-01 08:02:44.039172232,40.22032292093795,11.515159468827193,39.90283928554864,116.40694817980956,warning
2026-01-01 08:02:44.139172232,28.2265253037664,14.26387080697651,39.902835888501485,116.40694627298774,normal
2026-01-01 08:02:44.239172232,49.72420650765788,9.723325874400246,39.90286862330072,116.40698087942404,normal
2026-01-01 08:02:44.339172232,38.18577777088328,27.8225243974896,39.90286495728653,116.40693596770608,normal
2026-01-01 08:02:44.439172232,46.292986658605415,3.154824465277404,39.90286456139964,116.4069398757705,normal
2026-01-01 08:02:44.539172232,26.6876173329685,29.228722746535404,39.90285491512822,116.40697824789719,normal
2026-01-01 08:02:44.639172232,33.438125495148846,31.090795178102745,39.90287689479537,116.40697118261448,normal
2026-01-01 08:02:44.739172232,50.83572036741657,17.582555304139028,39.90291609154047,116.40696667274601,normal
2026-01-01 08:02:44.839172232,34.4075027186235,-0.8250967026183886,39.90292510380145,116.40697258297985,normal
2026-01-01 08:02:44.939172232,65.90445776850108,17.109515504261676,39.90292675925953,116.40696140706346,normal
2026-01-01 08:02:45.039172232,34.005457215780964,19.486526709689446,39.90292749491619,116.40695516562482,normal
2026-01-01 08:02:45.139172232,43.37027088627829,11.915214240568693,39.90287980878042,116.40694840932294,normal
2026-01-01 08:02:45.239172232,53.98886247809635,15.878252849534057,39.9028947117977,116.40693586090825,normal
2026-01-01 08:02:45.339172232,18.724514006004526,32.24156159090681,39.902897395126026,116.40696043803925,normal
2026-01-01 08:02:45.439172232,13.587867820288363,25.319417298413928,39.902905961967036,116.4069696595999,normal
2026-01-01 08:02:45.539172232,17.11515528144858,12.6034870849752,39.902891732723155,116.40697467216454,normal
2026-01-01 08:02:45.639172232,58.93876155140773,7.219206643236543,39.90288404358557,116.40699084358468,normal
2026-01-01 08:02:45.739172232,31.722127811613298,17.38386145912183,39.902875823086845,116.40698555646802,normal
2026-01-01 08:02:45.839172232,78.37298928502378,18.292345765196494,39.90289625554653,116.40697007239164,normal
2026-01-01 08:02:45.939172232,31.536286020139173,23.96959349890653,39.9028886803498,116.40695801990556,normal
2026-01-01 08:02:46.039172232,42.768269547955555,15.717466299458728,39.902930333556235,116.40695805556638,normal
2026-01-01 08:02:46.139172232,63.13164928851813,24.09199660289489,39.90293895080462,116.4069368713322,normal
2026-01-01 08:02:46.239172232,70.09139332238684,35.48123232048184,39.90291343715142,116.40692686611187,normal
2026-01-01 08:02:46.339172232,,26.5240081795541,39.902910866225554,116.40691654377905,normal
2026-01-01 08:02:46.439172232,58.12549345889714,19.61529194135382,39.902897832723106,116.40695903490364,normal
2026-01-01 08:02:46.539172232,55.360937887171936,18.534796231573644,39.902853945073716,116.40690355860484,normal
2026-01-01 08:02:46.639172232,48.88790423801775,17.14661492656103,39.90288593449252,116.40689996621042,normal
2026-01-01 08:02:46.739172232,51.675416142499564,29.445127299617155,39.90289999734336,116.40693448008626,warning
2026-01-01 08:02:46.839172232,31.732214255071998,14.981492432389576,39.90291066148972,116.40693691697555,normal
2026-01-01 08:02:46.939172232,27.727016748665392,20.36178167199986,39.902913969562924,116.40695198532502,normal
2026-01-01 08:02:47.039172232,39.94938313883572,20.409583215048684,39.90288632921155,116.40695398185132,normal
2026-01-01 08:02:47.139172232,37.447230662126074,15.985726457507745,39.902876656868756,116.4069406351837,normal
2026-01-01 08:02:47.239172232,33.201579260090874,9.020275616927194,39.90289349248425,116.406895796865,normal
2026-01-01 08:02:47.339172232,50.44581171185073,22.583796028941347,39.90287246808366,116.40689990597875,normal
2026-01-01 08:02:47.439172232,54.32957812855766,19.51196822515693,39.902821832697335,116.40688439384665,normal
2026-01-01 08:02:47.539172232,41.32610329437771,24.00192375549256,39.902817290577175,116.40686838713853,normal
2026-01-01 08:02:47.639172232,62.162951215828926,15.731197548486666,39.902814455426096,116.40685840739341,normal
2026-01-01 08:02:47.739172232,22.874663287997425,29.766570390504384,39.902817166694426,116.40689330462155,normal
2026-01-01 08:02:47.839172232,,12.985809750305242,39.902831737067295,116.40694140137239,normal
2026-01-01 08:02:47.939172232,29.247665190957925,33.69632227214314,39.90284448918354,116.40694574553115,normal
2026-01-01 08:02:48.039172232,12.0019507439041,6.018907921373907,39.90284966457965,116.40693645018666,normal
2026-01-01 08:02:48.139172232,38.75978971235951,23.47816051645513,39.90287357520741,116.40691290565832,normal
2026-01-01 08:02:48.239172232,38.17378737425075,23.803445460212988,39.90284319581179,116.40692227646154,normal
2026-01-01 08:02:48.339172232,62.70174614863197,13.635543456472941,39.90285328744808,116.40695793457354,warning
2026-01-01 08:02:48.439172232,49.462175268321666,23.3951515028881,39.902865818215346,116.4069529877658,error
2026-01-01 08:02:48.539172232,24.637197635061924,30.23614935808127,39.902841026969625,116.40690540784499,normal
2026-01-01 08:02:48.639172232,67.81138849501282,2.2654492851674846,39.90281096955745,116.40691880883843,normal
2026-01-01 08:02:48.739172232,58.31550543288029,24.021958459926516,39.90279605071492,116.40693851683265,normal
2026-01-01 08:02:48.839172232,48.731465552029235,0.05383343735937984,39.90278281988607,116.40690679991985,error
2026-01-01 08:02:48.939172232,,12.274681571814336,39.902797888275344,116.40691032960352,normal
2026-01-01 08:02:49.039172232,25.608411449147802,33.03333091920756,39.902785597499665,116.40691935412384,normal
2026-01-01 08:02:49.139172232,34.416898358934205,15.345743732863568,39.9027684705293,116.4069178919778,normal
2026-01-01 08:02:49.239172232,56.33122929556279,10.60896028472822,39.90275623785457,116.40690207655942,normal
2026-01-01 08:02:49.339172232,68.26879458901914,18.416498168122544,39.90277861050125,116.4069223953039,normal
2026-01-01 08:02:49.439172232,63.14865292408284,36.54325070530842,39.90277887136874,116.40691432770898,normal
2026-01-01 08:02:49.539172232,32.667258673205886,5.346542022351791,39.90277528634823,116.40688462398572,normal
2026-01-01 08:02:49.639172232,23.205738500664832,11.589520706885244,39.902773086238255,116.40684363449601,normal
2026-01-01 08:02:49.739172232,42.113293703668056,31.97945346543701,39.90279892744494,116.40686885148641,normal
2026-01-01 08:02:49.839172232,13.473409516557226,34.86161874830186,39.902783944010416,116.40688118476594,normal
2026-01-01 08:02:49.939172232,44.847515712771724,19.17255020567773,39.90281025417623,116.40688294423688,normal
2026-01-01 08:02:50.039172232,37.78596120551997,10.08757837978686,39.90281446410221,116.40687413874414,normal
2026-01-01 08:02:50.139172232,33.00945247197637,36.76674801447327,39.90281125571457,116.40686355877585,normal
2026-01-01 08:02:50.239172232,16.07945399099807,32.75553913399357,39.902861273724525,116.40684204404289,normal
2026-01-01 08:02:50.339172232,47.704001598545744,25.431575902097862,39.90284016093473,116.40683341492999,normal
2026-01-01 08:02:50.439172232,32.009487405071326,13.50078120850064,39.90283308721954,116.4067910131857,normal
2026-01-01 08:02:50.539172232,22.45124746434568,19.607765273295705,39.90280843859476,116.40677629191262,normal
2026-01-01 08:02:50.639172232,-3.083933199224738,18.717119351641355,39.902827487834166,116.40677007316229,normal
2026-01-01 08:02:50.739172232,39.58727642424046,22.64681043692462,39.90286127161284,116.40678227076324,normal
2026-01-01 08:02:50.839172232,66.58377395004617,31.60801150505069,39.90289467006847,116.40678147223397,normal
2026-01-01 08:02:50.939172232,64.91888821821806,27.035336329099223,39.902919149043534,116.40679737069625,normal
2026-01-01 08:02:51.039172232,33.14355615120592,11.380991384121934,39.902915196634176,116.40682435339835,normal
2026-01-01 08:02:51.139172232,30.966819094573292,31.0119716001563,39.90290789181463,116.40684551680023,normal
2026-01-01 08:02:51.239172232,47.031613841125356,22.505057120105242,39.90287446841918,116.40685492699718,normal
2026-01-01 08:02:51.339172232,25.024218412175628,25.49652636687133,39.90291518588988,116.40685516425076,normal
2026-01-01 08:02:51.439172232,44.52687849729199,31.732326874228825,39.90292456545144,116.40683554849059,normal
2026-01-01 08:02:51.539172232,51.491204175770356,11.10735800389159,39.90291472631335,116.40685034737162,normal
2026-01-01 08:02:51.639172232,58.403998358264616,19.713395370348298,39.90294128745113,116.40688394231927,normal
2026-01-01 08:02:51.739172232,38.49768885280071,15.74836358912628,39.90292183216079,116.40689078444007,normal
2026-01-01 08:02:51.839172232,36.94489374734551,7.457124597076353,39.902929964601476,116.40692912962302,normal
2026-01-01 08:02:51.939172232,26.830261198651584,22.77367982083936,39.90292651201879,116.40689861818886,normal
2026-01-01 08:02:52.039172232,27.5967946894021,40.092452412675385,39.90293928556159,116.40687553492117,normal
2026-01-01 08:02:52.139172232,36.602816621477096,5.279378043953978,39.9029380140908,116.40689263895132,normal
2026-01-01 08:02:52.239172232,45.510482602242675,19.74175511160424,39.90290899553298,116.40689792475553,normal
2026-01-01 08:02:52.339172232,53.703769393498746,25.12434348059819,39.90291050706043,116.40692420039906,normal
2026-01-01 08:02:52.439172232,-39.10281965991042,20.98462561324945,39.90293148434327,116.40692389096624,normal
2026-01-01 08:02:52.539172232,62.39032853439282,19.094975579874077,39.90293090001516,116.40690653145779,normal
2026-01-01 08:02:52.639172232,35.93314598436147,9.606269092433406,39.90294640231759,116.40690225959295,normal
2026-01-01 08:02:52.739172232,39.67949058477346,21.86229394352131,39.90292549172787,116.40687160591354,normal
2026-01-01 08:02:52.839172232,28.79182481278265,13.94588818387259,39.90292496651201,116.40684903410008,normal
2026-01-01 08:02:52.939172232,3.636396095905873,2.4806263601715735,39.90291247630291,116.40686848298003,normal
2026-01-01 08:02:53.039172232,53.26068094541574,29.556737764109847,39.902927415919706,116.40688593872832,normal
2026-01-01 08:02:53.139172232,51.0526584563865,27.66708655873634,39.902928045750954,116.40689319881402,normal
2026-01-01 08:02:53.239172232,35.780086643226795,20.413287814808637,39.90294184722448,116.4068587772636,normal
2026-01-01 08:02:53.339172232,41.00486075837308,21.83259750564562,39.902963601433,116.40685160919209,normal
2026-01-01 08:02:53.439172232,47.73908826556149,28.59454410172449,39.90297743380451,116.40682710919431,error
2026-01-01 08:02:53.539172232,16.56181214670186,21.79471725422466,39.90298289617319,116.40685063985939,normal
2026-01-01 08:02:53.639172232,32.06420983980558,27.232140438090514,39.90296293192802,116.40683896541671,normal
2026-01-01 08:02:53.739172232,51.913970194327405,17.6201423930092,39.902962876205805,116.4068172504625,normal
2026-01-01 08:02:53.839172232,21.18565865246126,30.495869908591573,39.90295221439777,116.4068178463858,normal
2026-01-01 08:02:53.939172232,44.40336898249944,22.566285807461473,39.90294533311864,116.40680504329667,normal
2026-01-01 08:02:54.039172232,19.651272930648926,21.55241554884699,39.90293784243562,116.40683471817488,normal
2026-01-01 08:02:54.139172232,,9.839511290303744,39.90291824392413,116.40682002195692,normal
2026-01-01 08:02:54.239172232,39.465377765537745,22.29564683441367,39.90287909715234,116.40679203739174,normal
2026-01-01 08:02:54.339172232,15.773022761417359,13.34436066004439,39.902865734291375,116.40674897912142,normal
2026-01-01 08:02:54.439172232,57.47109031685757,14.893738187772048,39.90286960188041,116.40674836339137,normal
2026-01-01 08:02:54.539172232,28.981126348029264,13.476994973471031,39.90284263833951,116.40673712478909,normal
2026-01-01 08:02:54.639172232,27.846213444784283,11.4701205448062,39.90284295198423,116.40670854669696,normal
2026-01-01 08:02:54.739172232,43.008537958464146,36.99817122413569,39.90288095735272,116.4067323312262,normal
2026-01-01 08:02:54.839172232,57.22956024143073,30.650712495907225,39.90290141848382,116.40674567612913,normal
2026-01-01 08:02:54.939172232,24.762672715324044,35.36294001715409,39.902934289314004,116.40674511177156,normal
2026-01-01 08:02:55.039172232,40.92519774771957,10.216839843555489,39.902942111871546,116.40677239829644,normal
2026-01-01 08:02:55.139172232,46.432247504958596,20.57002999928714,39.902965462068,116.40678564901711,normal
2026-01-01 08:02:55.239172232,50.39658410894716,9.651938998367234,39.9029509827734,116.40676919189909,normal
2026-01-01 08:02:55.339172232,42.64662332915838,14.434440982423489,39.902938095968054,116.4067484074958,normal
2026-01-01 08:02:55.439172232,34.494582413750166,12.654984132667401,39.90288331316393,116.40676476712669,normal
2026-01-01 08:02:55.539172232,27.586146690269203,29.916672051532494,39.902907036073415,116.40677269446581,normal
2026-01-01 08:02:55.639172232,,16.83016257518592,39.90293784255301,116.40677608942119,normal
2026-01-01 08:02:55.739172232,23.917914820215895,28.547034669552133,39.902926779008105,116.40675915946512,normal
2026-01-01 08:02:55.839172232,-3.820257252419111,24.832967116708144,39.90292169997397,116.40677131841646,normal
2026-01-01 08:02:55.939172232,46.54839706236502,38.42911001683831,39.9029066227317,116.4067562084388,normal
2026-01-01 08:02:56.039172232,53.55902261629293,8.164446214882208,39.90291427580273,116.4067541687057,normal
2026-01-01 08:02:56.139172232,4.556013466872422,30.07386591829439,39.902936774453636,116.40678310758864,normal
2026-01-01 08:02:56.239172232,24.854039429350937,29.17152696320582,39.90290191901416,116.40676989090392,normal
2026-01-01 08:02:56.339172232,49.287313915077966,12.212969295783722,39.90291010778477,116.40673843111878,normal
2026-01-01 08:02:56.439172232,70.86243204567548,28.057066691785277,39.902904574349336,116.40671738017494,normal
2026-01-01 08:02:56.539172232,40.31190561513112,22.689159704209832,39.90290684223718,116.40673726615147,normal
2026-01-01 08:02:56.639172232,29.07995588156298,18.180189920372737,39.90291602211721,116.40674236077422,normal
2026-01-01 08:02:56.739172232,287.59663826739694,13.408516104224002,39.90291225806843,116.40673978322664,normal
2026-01-01 08:02:56.839172232,60.623146287222774,14.247124388406512,39.90291018633137,116.40672960135055,normal
2026-01-01 08:02:56.939172232,30.31053731313197,36.39849676628741,39.90290590882802,116.4067393085487,normal
2026-01-01 08:02:57.039172232,28.012119900246198,20.00546255165986,39.90292531515205,116.40672232645167,warning
2026-01-01 08:02:57.139172232,32.758847167269515,26.25704001225167,39.902933690351254,116.40672843976304,normal
2026-01-01 08:02:57.239172232,25.700070876119312,13.672804946659575,39.902938102022006,116.40671381467168,normal
2026-01-01 08:02:57.339172232,41.84005473992193,13.76117643022689,39.90291268298759,116.40669586148397,normal
2026-01-01 08:02:57.439172232,64.3701768770434,28.655878473999536,39.90290511139272,116.40668311173526,normal
2026-01-01 08:02:57.539172232,44.84618909674044,9.203390307587743,39.90292308477593,116.40667560358634,normal
2026-01-01 08:02:57.639172232,36.21469746810568,16.67828985675783,39.902923838707395,116.40667462698961,normal
2026-01-01 08:02:57.739172232,35.62283096626684,20.272219288577855,39.90293702933678,116.40667933610553,normal
2026-01-01 08:02:57.839172232,16.552137869550144,20.890980814720418,39.90297235957279,116.40660556879969,normal
2026-01-01 08:02:57.939172232,53.246646657207386,18.56725371987075,39.902993131694174,116.40658941578853,normal
2026-01-01 08:02:58.039172232,38.83244204480797,23.166558248767384,39.902994994860926,116.40658158438899,normal
2026-01-01 08:02:58.139172232,37.29280129614062,25.542846046542493,39.90298477507753,116.40661168562977,normal
2026-01-01 08:02:58.239172232,87.8966135176729,25.87710036367464,39.902933704085605,116.40659008557759,normal
2026-01-01 08:02:58.339172232,44.48129362548529,12.113569530657387,39.90293033638716,116.40659334150996,normal
2026-01-01 08:02:58.439172232,28.723134248572237,17.726759216569622,39.90292381613724,116.40662324211615,normal
2026-01-01 08:02:58.539172232,33.60463605691685,29.5581028950155,39.90293162346113,116.40659698274555,normal
2026-01-01 08:02:58.639172232,57.22668563795132,27.15717750059098,39.90292854535659,116.40660486225006,normal
2026-01-01 08:02:58.739172232,41.69905615806647,9.017124388151489,39.902922137655395,116.4065888168134,normal
2026-01-01 08:02:58.839172232,18.4258303252395,22.811839202817612,39.902886549676786,116.40657872413854,normal
2026-01-01 08:02:58.939172232,53.78843401862805,4.174198005001518,39.902867750320205,116.40656266192187,normal
2026-01-01 08:02:59.039172232,29.97783871691509,20.375479216482958,39.90287728334102,116.4065480247757,normal
2026-01-01 08:02:59.139172232,68.09946664326318,35.182136133967816,39.90291160149364,116.40660246301866,normal
2026-01-01 08:02:59.239172232,56.20072098571973,12.416858261848109,39.90290965098597,116.4066193521361,normal
2026-01-01 08:02:59.339172232,33.29017156511873,13.325415636067344,39.90291620720744,116.40664138689333,normal
2026-01-01 08:02:59.439172232,59.2152454260267,26.112238252582877,39.902935256770576,116.40665122676307,normal
2026-01-01 08:02:59.539172232,41.01783265791105,7.657587878322833,39.90291903889185,116.4066191016273,normal
2026-01-01 08:02:59.639172232,52.79160512683329,14.937959760919687,39.90292637517272,116.40662700078671,normal
2026-01-01 08:02:59.739172232,47.27099225941712,24.77152910065402,39.902911565370594,116.406648459379,normal
2026-01-01 08:02:59.839172232,27.3046501751369,14.925713218484775,39.902928861859365,116.40663139138952,normal
2026-01-01 08:02:59.939172232,30.34675251523807,18.112240102312228,39.902931889920325,116.40665069792286,normal
2026-01-01 08:03:00.039172232,55.44941226371742,25.953485682520277,39.902937858956605,116.40666478464706,normal
2026-01-01 08:03:00.139172232,34.97837001840189,23.37236866829249,39.902922206984655,116.40670182544795,warning
2026-01-01 08:03:00.239172232,33.94527305137005,22.134547170363216,39.902936347631844,116.4066934697877,normal
2026-01-01 08:03:00.339172232,25.673161309759706,17.28702176583969,39.90297804189027,116.40667151756806,normal
2026-01-01 08:03:00.439172232,46.353985983901914,22.960488922151644,39.90295788365636,116.40666428500587,normal
2026-01-01 08:03:00.539172232,70.93787378864718,19.01013855920195,39.90295108847621,116.40669299642573,normal
2026-01-01 08:03:00.639172232,23.987006286185906,23.662444879406276,39.90295572062569,116.40665642830812,normal
2026-01-01 08:03:00.739172232,40.36329185009137,16.024543799056175,39.90297144874993,116.40661506079381,normal
2026-01-01 08:03:00.839172232,61.18330833123144,18.53944820496367,39.902960257824226,116.40661684869939,normal
2026-01-01 08:03:00.939172232,38.805379131314275,12.08033765958389,39.902903597218426,116.40660799691354,normal
2026-01-01 08:03:01.039172232,46.78557694374601,19.719939119950112,39.90293078100831,116.4066081514714,normal
2026-01-01 08:03:01.139172232,24.064097077796802,13.511993090969241,39.9029459911307,116.40662705770681,normal
2026-01-01 08:03:01.239172232,46.42460645811473,11.087628398704053,39.90291113218009,116.4066160063199,normal
2026-01-01 08:03:01.339172232,37.192836024931765,22.069289182843104,39.90289898080425,116.40657854620328,normal
2026-01-01 08:03:01.439172232,54.78594993519795,21.701918206861283,39.90293034445284,116.40661943583443,normal
2026-01-01 08:03:01.539172232,57.81079077347127,26.26298987958858,39.90295930038121,116.40659949126868,normal
2026-01-01 08:03:01.639172232,78.84345463027921,16.55099544339921,39.902978073181664,116.40657831052623,normal
2026-01-01 08:03:01.739172232,48.69449759820363,23.264422774694047,39.90297455093299,116.4066003849265,normal
2026-01-01 08:03:01.839172232,44.886944748732496,24.406380578189307,39.902976210681366,116.40659269514408,normal
2026-01-01 08:03:01.939172232,42.91576452366004,23.558190462652757,39.90297359216526,116.40659142734705,error
2026-01-01 08:03:02.039172232,34.702505607839676,13.394770537582863,39.902996156960924,116.40660108314952,normal
2026-01-01 08:03:02.139172232,45.077257651925365,21.19490785816951,39.9029786401128,116.4066227548116,normal
2026-01-01 08:03:02.239172232,35.56897884791456,22.913122368437293,39.9029625241197,116.40661608559773,normal
2026-01-01 08:03:02.339172232,42.52691464404421,20.057427735263534,39.90298272961144,116.40664648463785,normal
2026-01-01 08:03:02.439172232,59.7639630341194,3.3081787330313226,39.902981842382324,116.40660376864088,normal
2026-01-01 08:03:02.539172232,24.901861520805383,21.28391699178784,39.903009411729435,116.40661896438561,normal
2026-01-01 08:03:02.639172232,57.09817841693568,37.70024831517794,39.9029959814853,116.40660217383444,normal
2026-01-01 08:03:02.739172232,59.75672601009798,17.119685849944137,39.90299488591809,116.40662961926078,normal
2026-01-01 08:03:02.839172232,38.22897209513382,14.175383217157432,39.90297643765839,116.40663246015036,normal
2026-01-01 08:03:02.939172232,8.172176514871083,22.986788477691185,39.90297658491202,116.40661900204371,normal
2026-01-01 08:03:03.039172232,30.882670193583515,22.499025683732572,39.90294701397328,116.40663225886559,error
2026-01-01 08:03:03.139172232,59.454918198416635,29.541881323331317,39.902937261304864,116.40665012263253,error
2026-01-01 08:03:03.239172232,39.656979065516765,9.937054752728898,39.902908536227564,116.40666296051498,normal
2026-01-01 08:03:03.339172232,25.01046651557634,25.85104202059994,39.90292241469223,116.40664236659019,normal
2026-01-01 08:03:03.439172232,32.42837618157674,24.72337649001171,39.90293674647902,116.40663268624772,normal
2026-01-01 08:03:03.539172232,52.6093003975683,18.86282770447563,39.90290214122441,116.40663260479097,normal
2026-01-01 08:03:03.639172232,48.20100352302069,22.70949854337352,39.90292881893932,116.40663177959792,normal
2026-01-01 08:03:03.739172232,36.416018512454585,28.23565985278686,39.90297876724185,116.40664677450742,warning
2026-01-01 08:03:03.839172232,34.49763382277969,26.978523040227604,39.90297968736959,116.40660647648278,normal
2026-01-01 08:03:03.939172232,34.12362776434267,10.85584550341017,39.90296686508438,116.40661316302386,normal
2026-01-01 08:03:04.039172232,26.163847232522464,26.561265494043877,39.9030233516962,116.40660736339677,normal
2026-01-01 08:03:04.139172232,64.23063534204162,19.48249115973985,39.902996972326235,116.40659059338445,normal
2026-01-01 08:03:04.239172232,35.1651929618299,20.582992784124123,39.90299737445557,116.4065757436489,normal
2026-01-01 08:03:04.339172232,58.257377812382444,20.585575928013554,39.903000966901025,116.4065714528956,normal
2026-01-01 08:03:04.439172232,62.819740778836774,18.79805608961392,39.90302786985343,116.40649943119352,normal
2026-01-01 08:03:04.539172232,54.974663472219405,29.53365997685652,39.90303506463294,116.40648540540211,normal
2026-01-01 08:03:04.639172232,33.52569530922928,19.330256321206303,39.90302509195502,116.40646788910561,normal
2026-01-01 08:03:04.739172232,46.05595135504914,11.04363097293465,39.903006068267615,116.4064785447698,normal
2026-01-01 08:03:04.839172232,39.63706590413626,16.85176115224217,39.90299923183121,116.40646243423615,normal
2026-01-01 08:03:04.939172232,26.444472089048077,21.429557734483804,39.90297909328399,116.40645813196014,normal
2026-01-01 08:03:05.039172232,44.865389225824046,29.833718274376402,39.902980049790386,116.4064889774927,normal
2026-01-01 08:03:05.139172232,22.314403132602962,24.82475747959067,39.90296876586679,116.40650886452309,normal
2026-01-01 08:03:05.239172232,57.815190826923455,13.195717770023649,39.90293888511092,116.4065269099511,normal
2026-01-01 08:03:05.339172232,33.03074054052411,39.88151933343113,39.90296398802669,116.40651691250248,normal
2026-01-01 08:03:05.439172232,43.01739483809259,22.118202487823837,39.90295403457622,116.40652777314807,normal
2026-01-01 08:03:05.539172232,44.24931807319213,30.203125903992117,39.90292867184012,116.40652309519206,normal
2026-01-01 08:03:05.639172232,36.11642539443884,18.786284531382165,39.90292530665743,116.40651917332785,normal
2026-01-01 08:03:05.739172232,48.80040702212912,24.266873957643597,39.902926674088754,116.40652736703473,normal
2026-01-01 08:03:05.839172232,32.876445150662136,26.71574803614724,39.902891744754236,116.40651542716296,normal
2026-01-01 08:03:05.939172232,53.06945946185866,29.745557694034048,39.90289837770758,116.40654528722504,normal
2026-01-01 08:03:06.039172232,19.810304796298773,28.458946443025802,39.90287743455621,116.40654208462225,normal
2026-01-01 08:03:06.139172232,330.34142493499803,26.977576000583824,39.90291165513239,116.40655445183357,normal
2026-01-01 08:03:06.239172232,69.08393498587427,17.47930615044713,39.90292213434263,116.40658356384316,normal
2026-01-01 08:03:06.339172232,24.99503013091638,15.426031664351509,39.90291413634283,116.40660419691865,normal
2026-01-01 08:03:06.439172232,,22.66086008259358,39.90289923298742,116.4065760185366,normal
2026-01-01 08:03:06.539172232,47.708617744883725,27.465024578728553,39.902897133633275,116.40658491645449,normal
2026-01-01 08:03:06.639172232,42.69372672909397,18.218234393787142,39.902909389448105,116.40660193084238,normal
2026-01-01 08:03:06.739172232,45.25945148910339,28.521375725715092,39.90290887956553,116.40661976810283,normal
2026-01-01 08:03:06.839172232,47.337806952214954,31.620933963889435,39.90290453638939,116.40659750220615,normal
2026-01-01 08:03:06.939172232,49.52082202842655,12.669432647412641,39.902905703795206,116.4065843615014,normal
2026-01-01 08:03:07.039172232,56.645497629343346,13.30463436962976,39.90289362661658,116.40660425266613,normal
2026-01-01 08:03:07.139172232,46.147279853927685,18.87699952875731,39.90288676249804,116.40658901745871,warning
2026-01-01 08:03:07.239172232,36.38113518072186,22.46090134551357,39.90284504664927,116.40658302353758,normal
2026-01-01 08:03:07.339172232,50.08860551804097,15.803463889863593,39.90286452117388,116.40661454105377,normal
2026-01-01 08:03:07.439172232,68.49822902342824,30.817621430937155,39.90287049712949,116.40661358506875,normal
2026-01-01 08:03:07.539172232,38.010493804261394,23.39253489214761,39.90285502801261,116.406599049586,normal
2026-01-01 08:03:07.639172232,25.382060429940378,20.315576385925915,39.90289300271224,116.40658149723886,warning
2026-01-01 08:03:07.739172232,56.60621003930459,8.51272380905178,39.90289474304184,116.40658815162546,normal
2026-01-01 08:03:07.839172232,38.19428254069603,9.473473468579943,39.90287402017041,116.40656148866529,normal
2026-01-01 08:03:07.939172232,7.409956809789456,22.24807400225445,39.902891154918834,116.406556541946,normal
2026-01-01 08:03:08.039172232,52.711325157256326,2.9392349907613102,39.902899115883166,116.40656320655671,normal
2026-01-01 08:03:08.139172232,31.97007721069116,28.101099277152574,39.902907007482874,116.40658918955312,normal
2026-01-01 08:03:08.239172232,38.64200076543759,18.734769245021436,39.90289849237078,116.40660254051473,normal
2026-01-01 08:03:08.339172232,44.979704958535216,45.944743756757866,39.90290750228526,116.40658825921237,normal
2026-01-01 08:03:08.439172232,42.857495196685996,38.463330004928885,39.90290226711945,116.40661182759872,normal
2026-01-01 08:03:08.539172232,50.64177725708559,18.548407446019866,39.90291338594849,116.40660583729796,normal
2026-01-01 08:03:08.639172232,33.46770444145235,19.14930397974948,39.9028752870594,116.40658112323753,normal
2026-01-01 08:03:08.739172232,47.69658697264124,27.96465211201624,39.90286660959015,116.40657768241034,normal
2026-01-01 08:03:08.839172232,36.106799836241244,33.625380879344306,39.9029010526921,116.40660644579437,normal
2026-01-01 08:03:08.939172232,51.08215721331254,6.895767540511866,39.902885711342996,116.40660975059536,normal
2026-01-01 08:03:09.039172232,49.2305122601958,5.708996277162507,39.90287363457704,116.40661000103265,normal
2026-01-01 08:03:09.139172232,25.96841946933107,15.023721555564949,39.90286467535027,116.40664274526554,normal
2026-01-01 08:03:09.239172232,56.289731742625484,24.661900665390917,39.902840379227555,116.4066141181686,normal
2026-01-01 08:03:09.339172232,31.96054832328928,23.974988724060776,39.902796213612035,116.40658840618632,normal
2026-01-01 08:03:09.439172232,52.12086697421718,28.5581716398708,39.90279160188406,116.40655608925691,normal
2026-01-01 08:03:09.539172232,-32.55081092357099,10.402419773077535,39.90279431907254,116.40656354222064,normal
2026-01-01 08:03:09.639172232,67.57275515192684,1.4708490962489869,39.90279326897117,116.40656687208318,normal
2026-01-01 08:03:09.739172232,36.64801026442222,26.864113562417163,39.90279037139993,116.40659772681052,warning
2026-01-01 08:03:09.839172232,34.760248058227035,13.374429816278123,39.90279123221735,116.40660259631207,normal
2026-01-01 08:03:09.939172232,39.708705911684014,3.8520970848908966,39.90281168904678,116.40659451316887,normal
2026-01-01 08:03:10.039172232,35.452303257485866,21.160509967675054,39.90280788012306,116.40659454906633,normal
2026-01-01 08:03:10.139172232,51.99912852913075,26.34540550574942,39.90279639847152,116.4065969032147,normal
2026-01-01 08:03:10.239172232,15.755340873451182,19.02354294302978,39.902790775961826,116.40656346798923,normal
2026-01-01 08:03:10.339172232,24.194763712804686,16.337212910540085,39.90280236289702,116.40661767462213,normal
2026-01-01 08:03:10.439172232,23.982956176312104,18.725102142832746,39.90283060343459,116.40662807204248,normal
2026-01-01 08:03:10.539172232,54.25461387960364,17.03533790079374,39.90281804055981,116.40663227220864,normal
2026-01-01 08:03:10.639172232,65.65920058872888,9.215623104478663,39.90282001923555,116.40664457548833,normal
2026-01-01 08:03:10.739172232,38.433261721937924,14.282554584076546,39.90282678638439,116.40665876370794,normal
2026-01-01 08:03:10.839172232,37.46767415214984,24.170239240110515,39.90280693482425,116.40665595263823,normal
2026-01-01 08:03:10.939172232,41.050782446697724,22.573428331012,39.902807343167595,116.4066433278155,normal
2026-01-01 08:03:11.039172232,57.42817453912286,21.344478447734563,39.902778029690445,116.40665531682923,normal
2026-01-01 08:03:11.139172232,26.089702987141386,12.038812145172965,39.902742648684374,116.40666303104604,normal
2026-01-01 08:03:11.239172232,,18.54797470291466,39.90274998361253,116.40664683324407,normal
2026-01-01 08:03:11.339172232,54.62796444673644,2.5834796284571624,39.9027423061177,116.40667521395629,normal
2026-01-01 08:03:11.439172232,47.51641254909768,21.427813311083117,39.90274635172586,116.40668108099702,normal
2026-01-01 08:03:11.539172232,42.843724248981154,31.43086166250854,39.902745993826315,116.40669567738426,normal
2026-01-01 08:03:11.639172232,55.01569138850712,8.206942943663154,39.902726465825346,116.40672351580201,normal
2026-01-01 08:03:11.739172232,-0.5484843949885558,15.312578613457958,39.902725560739306,116.40672395357844,normal
2026-01-01 08:03:11.839172232,50.16812979296361,22.632854229681037,39.902700898713206,116.40673029261858,normal
2026-01-01 08:03:11.939172232,30.188864753088644,30.02274107541987,39.90272871816036,116.40674649316334,normal
2026-01-01 08:03:12.039172232,12.540506547153146,16.414203069598805,39.90270159875347,116.40673199594167,normal
2026-01-01 08:03:12.139172232,47.66803899287471,14.46199736587283,39.902697683048046,116.40673307697493,normal
2026-01-01 08:03:12.239172232,60.60487817744436,4.248614860671335,39.90267683761628,116.40673558794666,normal
2026-01-01 08:03:12.339172232,37.93827228058462,20.827505034464853,39.90268824603975,116.40671646677562,normal
2026-01-01 08:03:12.439172232,54.293118208044085,36.33660832114995,39.90268161741233,116.4067628195114,normal
2026-01-01 08:03:12.539172232,64.18417386982968,22.218867695717407,39.902671244077936,116.40673467364253,normal
2026-01-01 08:03:12.639172232,59.72371680376071,19.821768166530294,39.902688308108836,116.40670871156446,normal
2026-01-01 08:03:12.739172232,64.59946794057089,22.576658486135884,39.90268889672067,116.40673499609598,normal
2026-01-01 08:03:12.839172232,51.13191236607838,19.911263968411184,39.90269922960959,116.40674926142098,warning
2026-01-01 08:03:12.939172232,41.13150458352389,13.495885021918962,39.90267960309086,116.40672874212464,normal
2026-01-01 08:03:13.039172232,15.970512821542474,26.586239325421644,39.90265150675198,116.40674088790495,normal
2026-01-01 08:03:13.139172232,36.30906267805077,21.806092184894034,39.90265365091122,116.40677024491384,normal
2026-01-01 08:03:13.239172232,27.351301070257122,20.14090601546926,39.90264727398411,116.4067696396527,normal
2026-01-01 08:03:13.339172232,72.5641407624672,12.197071781774,39.90265980267756,116.40682161611069,normal
2026-01-01 08:03:13.439172232,37.36171281351495,30.428063455478075,39.902658204508505,116.40678713487448,normal
2026-01-01 08:03:13.539172232,41.848072101767286,25.31762196266488,39.902662306015294,116.40680101134355,normal
2026-01-01 08:03:13.639172232,48.272280640607015,15.576633301061584,39.902629838364696,116.40682434191028,normal
2026-01-01 08:03:13.739172232,40.654036695586804,28.014598829455498,39.90266760710349,116.4068421687883,normal
2026-01-01 08:03:13.839172232,65.4257656064613,16.019433292918343,39.90266432226378,116.40683808167377,normal
2026-01-01 08:03:13.939172232,30.660259573983218,13.743972059911705,39.90267827400319,116.40683227284413,normal
2026-01-01 08:03:14.039172232,42.91911182855864,13.922375060157703,39.90266155216979,116.40684115574756,normal
2026-01-01 08:03:14.139172232,28.862941214529275,5.8314515752952705,39.90266771236783,116.40685747083728,normal
2026-01-01 08:03:14.239172232,20.199662331689414,23.772339043345646,39.902641655472564,116.40686952030602,warning
2026-01-01 08:03:14.339172232,30.82346363642072,5.350840973293199,39.902650696829326,116.40689032146383,normal
2026-01-01 08:03:14.439172232,39.44444804427382,10.172449349873899,39.90264357734764,116.40686994406468,error
2026-01-01 08:03:14.539172232,33.5604666322411,3.395295927371734,39.90264416115772,116.4068653886451,normal
2026-01-01 08:03:14.639172232,29.61368530189216,19.311442457672854,39.90265812063832,116.40684658832646,normal
2026-01-01 08:03:14.739172232,18.90523804492249,18.797436317825024,39.9026334698321,116.40683886607094,normal
2026-01-01 08:03:14.839172232,38.75341641056958,17.386430294509086,39.90261977999749,116.40685917048877,normal
2026-01-01 08:03:14.939172232,17.429194389534967,11.65937844263539,39.902628926483104,116.40686133016719,normal
2026-01-01 08:03:15.039172232,51.40083945534404,10.62212997250688,39.902670890912596,116.40691346735045,warning
2026-01-01 08:03:15.139172232,41.23659629401755,23.714958908372594,39.902668129265905,116.4069173354778,normal
2026-01-01 08:03:15.239172232,18.13672750802604,15.595584546332098,39.90267995198826,116.4069185293154,normal
2026-01-01 08:03:15.339172232,35.36186384425205,22.530866572289156,39.90267781255886,116.4069206529738,normal
2026-01-01 08:03:15.439172232,28.717653916141252,12.91801051100622,39.90271665747076,116.40690789679994,normal
2026-01-01 08:03:15.539172232,44.78761765628771,21.448501942168658,39.90268171303742,116.4069067400677,normal
2026-01-01 08:03:15.639172232,60.10675669034717,30.42622429852851,39.902683605458314,116.40692929582823,normal
2026-01-01 08:03:15.739172232,11.87241295531383,24.689326403142267,39.90265109457764,116.4069315752416,normal
2026-01-01 08:03:15.839172232,41.72539118721126,16.700689454268158,39.902600963146234,116.406915706047,normal
2026-01-01 08:03:15.939172232,37.59800806650039,22.05759176284742,39.90260691238729,116.40689720435459,normal
2026-01-01 08:03:16.039172232,50.07010114675698,18.074678603758297,39.90260970234322,116.40688820031676,normal
2026-01-01 08:03:16.139172232,43.19794942356533,20.063041477557825,39.90260400560446,116.40688967758544,normal
2026-01-01 08:03:16.239172232,28.720460023917713,17.39511158281197,39.90260188172266,116.40691354931616,normal
2026-01-01 08:03:16.339172232,35.214190965000725,18.68531835291687,39.902663847711345,116.40688673954332,normal
2026-01-01 08:03:16.439172232,28.059612147947664,21.6967468245934,39.90265868420858,116.40688034301778,normal
2026-01-01 08:03:16.539172232,56.14010707897897,12.053130403344394,39.90266888669581,116.40688322921815,normal
2026-01-01 08:03:16.639172232,40.319674730079136,11.872969384080173,39.90265589939941,116.4068465551028,normal
2026-01-01 08:03:16.739172232,68.5178602862951,8.891659569350312,39.902661804050915,116.40682988313715,normal
2026-01-01 08:03:16.839172232,39.090087792780686,7.197831163970321,39.90265703937742,116.40681628536635,normal
2026-01-01 08:03:16.939172232,29.37389849634306,10.261738462236165,39.90264882900776,116.40680036595887,normal
2026-01-01 08:03:17.039172232,17.29428411080759,21.275700054433035,39.902685206978404,116.40680420374977,normal
2026-01-01 08:03:17.139172232,12.952904856160824,12.857699876064927,39.90270875067767,116.40680099255759,normal
2026-01-01 08:03:17.239172232,16.237960854917652,24.10891571384877,39.90271148561062,116.40678988683554,normal
2026-01-01 08:03:17.339172232,44.00689976517225,20.277709990020494,39.9026654013719,116.40679844608806,normal
2026-01-01 08:03:17.439172232,47.63087534844901,4.25196629249557,39.902658181187434,116.40683290758241,normal
2026-01-01 08:03:17.539172232,16.282139469518,25.23980467377352,39.90271224173872,116.40686569271276,normal
2026-01-01 08:03:17.639172232,53.425574711141735,26.48638916473368,39.90270762850539,116.40682723727731,normal
2026-01-01 08:03:17.739172232,32.75408422474841,12.049098601321173,39.90272969285683,116.40683877872098,error
2026-01-01 08:03:17.839172232,42.20189517978324,23.361532343159933,39.90275853170487,116.40683521825518,normal
2026-01-01 08:03:17.939172232,64.18330942383136,13.148014100726408,39.902762910983185,116.40683832136205,normal
2026-01-01 08:03:18.039172232,53.452589737982976,20.781363013986685,39.90274607455055,116.40683035570137,normal
2026-01-01 08:03:18.139172232,35.97204028141252,9.884012744360275,39.90269736830391,116.40683270747397,normal
2026-01-01 08:03:18.239172232,26.632116618770688,5.655148379723386,39.90271105156808,116.4068357356219,normal
2026-01-01 08:03:18.339172232,7.7227689800604225,16.93746248309625,39.90269475644803,116.40682415658675,normal
2026-01-01 08:03:18.439172232,29.212700211363696,19.01016842980131,39.90269827945706,116.40680622923578,warning
2026-01-01 08:03:18.539172232,36.83304641758458,16.818562451083167,39.90267328305027,116.40679725532213,normal
2026-01-01 08:03:18.639172232,25.192307092732243,10.527755534219525,39.90266797829946,116.40680194050742,normal
2026-01-01 08:03:18.739172232,38.031145493615426,16.800807502950903,39.90266865268056,116.40681392043426,warning
2026-01-01 08:03:18.839172232,41.15277824438152,22.154358020645873,39.902674024552184,116.40683098741381,normal
2026-01-01 08:03:18.939172232,36.627160272878825,19.640855759019704,39.90265172810844,116.40682110361334,normal
2026-01-01 08:03:19.039172232,30.249961287648105,21.460008244793706,39.90267566632741,116.40682678050469,normal
2026-01-01 08:03:19.139172232,42.529820079500915,14.639078396366138,39.90266372843172,116.40684603055654,normal
2026-01-01 08:03:19.239172232,46.629109743541136,29.37374331772928,39.90263023904251,116.40686934245443,normal
2026-01-01 08:03:19.339172232,23.64401383835731,10.590613307561755,39.90262805857411,116.40686816579735,normal
2026-01-01 08:03:19.439172232,61.16398569619405,23.90048237669375,39.90262874608029,116.40686374716284,normal
2026-01-01 08:03:19.539172232,38.521178015736076,29.455128743679694,39.90263195786895,116.40686756964753,normal
2026-01-01 08:03:19.639172232,40.28274434417271,23.847264741991165,39.90265920051702,116.40684457549807,normal
2026-01-01 08:03:19.739172232,50.62321634884836,18.37980618348136,39.90265447154029,116.40684070330785,normal
2026-01-01 08:03:19.839172232,43.49824196895253,15.773623626696168,39.9026520791478,116.40685559503582,normal
2026-01-01 08:03:19.939172232,54.29704950869868,28.28870120837005,39.902630015460176,116.4068684339784,normal
2026-01-01 08:03:20.039172232,44.30686247802736,8.616200597906616,39.90264642653023,116.40686302862632,normal
2026-01-01 08:03:20.139172232,30.813439380393433,12.239005916962851,39.90265011271152,116.40686738299034,normal
2026-01-01 08:03:20.239172232,45.42255287809152,16.819537876066228,39.90264171215697,116.40685088998353,normal
2026-01-01 08:03:20.339172232,22.844106890190073,29.901230060095983,39.9026036186631,116.4068649598265,normal
2026-01-01 08:03:20.439172232,41.62839558664785,23.03814108832717,39.902632506907004,116.40686340339778,normal
2026-01-01 08:03:20.539172232,39.50155014033309,12.255633931918037,39.902607953307715,116.40685788436875,normal
2026-01-01 08:03:20.639172232,36.8782471409119,17.51753835692077,39.90259612774753,116.40685064989202,normal
2026-01-01 08:03:20.739172232,38.07193732841604,15.085414847229645,39.90260329463775,116.40684939201468,normal
2026-01-01 08:03:20.839172232,11.772264317535413,14.32168806213172,39.90257936347918,116.40684043446178,normal
2026-01-01 08:03:20.939172232,31.769126383885578,27.831116468454233,39.90254949328361,116.40685359732251,normal
2026-01-01 08:03:21.039172232,41.39267351711672,9.026054965891955,39.90250701433196,116.40684569165154,normal
2026-01-01 08:03:21.139172232,42.397845879961004,32.87024684587499,39.902521434271016,116.40687755093347,normal
2026-01-01 08:03:21.239172232,24.584872886110627,26.62583752147698,39.902510530546124,116.40690685514353,normal
2026-01-01 08:03:21.339172232,58.985617612970515,28.726893364829586,39.90256907594797,116.40688902427374,normal
2026-01-01 08:03:21.439172232,27.007377276782485,16.296483903797935,39.902549188846656,116.40689041835913,normal
2026-01-01 08:03:21.539172232,54.541858007901055,18.800474247367124,39.90253075982619,116.4068774052267,normal
2026-01-01 08:03:21.639172232,46.40791542807527,8.534785483802304,39.90251945196678,116.40687087227543,normal
2026-01-01 08:03:21.739172232,30.306590352342955,15.802700743465575,39.902524314659885,116.40691092082479,normal
2026-01-01 08:03:21.839172232,66.62966338914268,23.94923878114521,39.90251491059311,116.40690476939645,normal
2026-01-01 08:03:21.939172232,22.095447523652798,30.36850449425117,39.90252715723739,116.40691197391719,warning
2026-01-01 08:03:22.039172232,53.787312604150024,11.142745465580386,39.90250758546959,116.40692280034307,normal
2026-01-01 08:03:22.139172232,55.00873477064467,17.075952504117872,39.90247995363522,116.40690278775561,warning
2026-01-01 08:03:22.239172232,29.940696863850327,18.78960623813982,39.90244398934043,116.40688568584613,normal
2026-01-01 08:03:22.339172232,60.88697950096493,8.833686382460119,39.90239951785708,116.4068615653987,normal
2026-01-01 08:03:22.439172232,36.24930228101571,24.7307939340672,39.90238915647669,116.40684384598403,normal
2026-01-01 08:03:22.539172232,44.33040443919786,14.208077346059127,39.902383136870434,116.40678684538184,normal
2026-01-01 08:03:22.639172232,43.90482758156831,18.436877190583807,39.902370508129884,116.40679773702985,normal
2026-01-01 08:03:22.739172232,37.98536887794178,16.38440502470498,39.90239537624583,116.40683882090669,normal
2026-01-01 08:03:22.839172232,52.16212409739673,13.685291954242604,39.90241993685002,116.40684177732146,normal
2026-01-01 08:03:22.939172232,51.902330808283196,19.943640116155564,39.902413240790274,116.40681345194427,normal
2026-01-01 08:03:23.039172232,13.772020401427287,18.27512337145582,39.90237736236801,116.40680059641662,normal
2026-01-01 08:03:23.139172232,59.56510364317229,17.025136941770675,39.90236602826585,116.40679141887972,normal
2026-01-01 08:03:23.239172232,15.062620179464886,14.172307026557258,39.90235403183797,116.40677106718417,normal
2026-01-01 08:03:23.339172232,55.48819306512486,22.556197366263643,39.90234088913873,116.40678827083694,normal
2026-01-01 08:03:23.439172232,56.90057705241375,33.22893814793828,39.902326934760644,116.40680447603782,normal
2026-01-01 08:03:23.539172232,23.635503546772025,21.11909786271302,39.902313865502734,116.40678136700195,normal
2026-01-01 08:03:23.639172232,33.83778568068123,27.96894571928903,39.90230613467042,116.40679586862284,warning
2026-01-01 08:03:23.739172232,23.414429972710963,8.878224598772299,39.90229342384844,116.40682640487611,warning
2026-01-01 08:03:23.839172232,36.77618454566897,21.262091514350157,39.90229759029861,116.40686445604021,normal
2026-01-01 08:03:23.939172232,35.379485737213884,11.221053448231467,39.902304797672926,116.40692176028068,normal
2026-01-01 08:03:24.039172232,51.6949079840401,8.184600579744789,39.90228658477118,116.40690372042769,normal
2026-01-01 08:03:24.139172232,59.654631191794124,14.08502874032771,39.90231200607771,116.40696020483621,normal
2026-01-01 08:03:24.239172232,60.93525716184934,29.53519467530858,39.90229240483167,116.40695312070845,normal
2026-01-01 08:03:24.339172232,31.567479601325466,27.600126629357163,39.90226004881939,116.40694127139933,normal
2026-01-01 08:03:24.439172232,36.86167189383208,21.9440377764352,39.90226766438082,116.40694781284684,normal
2026-01-01 08:03:24.539172232,14.748427116685747,7.7383955208805535,39.902251316218134,116.40693617162016,normal
2026-01-01 08:03:24.639172232,27.91194900255717,18.429754788896506,39.902257742047546,116.40694415250297,normal
2026-01-01 08:03:24.739172232,54.47277449646187,22.413600071213885,39.902209668675525,116.40691775095921,normal
2026-01-01 08:03:24.839172232,64.23374235322348,21.404289836628784,39.902237517794354,116.40691297590718,normal
2026-01-01 08:03:24.939172232,21.48476692180117,5.249651332154034,39.90225096366252,116.40693868755186,normal
2026-01-01 08:03:25.039172232,31.113036112706588,12.877457215841027,39.90222095413153,116.40693754632603,warning
2026-01-01 08:03:25.139172232,39.603913645616096,19.48737788681027,39.90219137858905,116.40694037824177,normal
2026-01-01 08:03:25.239172232,44.2024173822941,24.290327276137518,39.90222482390714,116.40694988341386,normal
2026-01-01 08:03:25.339172232,27.855947201175308,2.4309774312004286,39.90221007630907,116.40697329664644,normal
2026-01-01 08:03:25.439172232,46.36091566696135,18.703008196161132,39.90219339261209,116.4069401921522,normal
2026-01-01 08:03:25.539172232,32.89240979393626,21.14439015903162,39.90214807157021,116.40695188263324,normal
2026-01-01 08:03:25.639172232,39.78321593682581,26.796895908129706,39.902141056006094,116.40694651985045,normal
2026-01-01 08:03:25.739172232,48.194263720055496,25.542860673899494,39.9021365016138,116.40694985260836,normal
2026-01-01 08:03:25.839172232,40.09633404716407,24.660570550470442,39.902150811475735,116.40697105161175,normal
2026-01-01 08:03:25.939172232,33.45421164210147,13.600475946384528,39.90212282990717,116.40694716787873,normal
2026-01-01 08:03:26.039172232,38.35585294111254,4.735982903013539,39.90209242417133,116.4069269149899,normal
2026-01-01 08:03:26.139172232,38.67455561191997,16.85557794350879,39.90210144342402,116.4068882063907,normal
2026-01-01 08:03:26.239172232,34.449834551768085,28.01305460166848,39.90212157802545,116.40687722321186,normal
2026-01-01 08:03:26.339172232,36.11805905999346,31.14763622019545,39.902090154978424,116.40690383185876,normal
2026-01-01 08:03:26.439172232,63.979707557570755,25.684392818382282,39.90211178526015,116.40690142011499,normal
2026-01-01 08:03:26.539172232,48.41379171911858,23.434726582413873,39.90211253609698,116.40687461761708,normal
2026-01-01 08:03:26.639172232,35.56779522956259,23.037117187087723,39.90213437220376,116.40686490404218,normal
2026-01-01 08:03:26.739172232,50.45431606766103,15.551050025913757,39.90213296779653,116.4068351468081,normal
2026-01-01 08:03:26.839172232,34.99270765365985,18.95951765157104,39.90208252223818,116.40681264308607,normal
2026-01-01 08:03:26.939172232,57.596869563799615,33.35255620661065,39.902079482890535,116.40682041946428,normal
2026-01-01 08:03:27.039172232,45.544632882971406,12.45953595366499,39.90210068576691,116.40679694199775,normal
2026-01-01 08:03:27.139172232,38.39046783993657,32.91823032567881,39.90208281084653,116.40681919468386,normal
2026-01-01 08:03:27.239172232,46.715753887154165,17.423774764063534,39.90207505154715,116.40681777227805,normal
2026-01-01 08:03:27.339172232,16.43685771897251,30.603456872760628,39.90207152887708,116.40681948417212,normal
2026-01-01 08:03:27.439172232,23.09848796635292,8.745479924019694,39.90201353859948,116.40681391671276,warning
2026-01-01 08:03:27.539172232,22.09112490401417,24.687233609317193,39.90204696555099,116.40682937366954,normal
2026-01-01 08:03:27.639172232,42.1441464214556,14.105838912419024,39.90202893803739,116.4068450368673,normal
2026-01-01 08:03:27.739172232,65.98772499227638,8.6778624646065,39.90203905274604,116.40685173795434,normal
2026-01-01 08:03:27.839172232,73.46950219288948,21.748272339287567,39.902037318723316,116.40686303373646,normal
2026-01-01 08:03:27.939172232,49.57076652161136,28.07577430876775,39.90206247110444,116.40685879194305,normal
2026-01-01 08:03:28.039172232,47.51266712416685,13.24046849125203,39.90207059222689,116.4068696360032,normal
2026-01-01 08:03:28.139172232,12.984133987708915,8.00787231633279,39.902065893741465,116.40686287844768,normal
2026-01-01 08:03:28.239172232,31.859893003989676,19.26524188532036,39.90204802343961,116.40686292308013,normal
2026-01-01 08:03:28.339172232,28.183243721376417,19.30051736978255,39.90206398045364,116.40685743020514,normal
2026-01-01 08:03:28.439172232,30.68728602623326,24.38655702043599,39.90202651162756,116.40684828583436,normal
2026-01-01 08:03:28.539172232,37.47784272122816,27.596756570915908,39.902039429435966,116.4068345035984,normal
2026-01-01 08:03:28.639172232,32.91864133454309,19.52467854982005,39.90201744854094,116.40684385740047,normal
2026-01-01 08:03:28.739172232,10.310502844363185,34.844026518354106,39.90204249421418,116.40687006951873,warning
2026-01-01 08:03:28.839172232,51.21865384176301,21.793877956282333,39.90204572020503,116.40689349155817,normal
2026-01-01 08:03:28.939172232,23.908854613902903,17.228587951944803,39.902058602680384,116.40686836025145,normal
2026-01-01 08:03:29.039172232,43.588702961667245,7.107461127177377,39.90206024245666,116.40689414431247,normal
2026-01-01 08:03:29.139172232,71.1112400462496,17.89872383747066,39.902025194914756,116.40688778114244,normal
2026-01-01 08:03:29.239172232,26.209231126203647,17.30890443671091,39.90200798033149,116.40689979580274,normal
2026-01-01 08:03:29.339172232,2.045687158805052,27.682438370251763,39.902021428118246,116.40688167149611,normal
2026-01-01 08:03:29.439172232,35.70993667179834,23.69986899253483,39.90202476123459,116.40688451109438,warning
2026-01-01 08:03:29.539172232,56.51439452497857,10.565047026939062,39.9020483810327,116.40689078555803,normal
2026-01-01 08:03:29.639172232,69.37521181330891,21.3780350912883,39.90205644652396,116.4068610934622,normal
2026-01-01 08:03:29.739172232,21.55675608321375,25.372249373832428,39.90203711248614,116.40687325880553,normal
2026-01-01 08:03:29.839172232,47.45048834854782,32.22425087510266,39.90202119120339,116.40690017750569,normal
2026-01-01 08:03:29.939172232,33.0203431482992,27.100031739312474,39.9020232495512,116.40689668454677,normal
2026-01-01 08:03:30.039172232,38.410774685437964,26.086773234491822,39.90197696866988,116.40692388790939,warning
2026-01-01 08:03:30.139172232,79.66515020525551,20.480687956921308,39.90201043750759,116.40692009403952,normal
2026-01-01 08:03:30.239172232,17.455445074072703,23.106496043387597,39.90201927244232,116.40693708573014,normal
2026-01-01 08:03:30.339172232,43.8060949224186,29.996039205649268,39.90204381313426,116.40689271433082,normal
2026-01-01 08:03:30.439172232,47.0153975764815,9.337780820162802,39.90201220105544,116.4069410898864,normal
2026-01-01 08:03:30.539172232,56.286794874090205,17.20448538226435,39.902037092358654,116.40697099905131,normal
2026-01-01 08:03:30.639172232,41.46974730206343,13.819450009950074,39.902081722336874,116.40696530654122,normal
2026-01-01 08:03:30.739172232,,23.033224949808993,39.90205530476977,116.4069258647607,normal
2026-01-01 08:03:30.839172232,34.125271488673135,29.8417774052063,39.90207073280566,116.40693162532806,normal
2026-01-01 08:03:30.939172232,44.03690411867661,15.224205706231409,39.90207075500456,116.40690274681712,normal
2026-01-01 08:03:31.039172232,34.85211586753884,0.8775650602444962,39.90203986632759,116.40691164388787,normal
2026-01-01 08:03:31.139172232,49.323578347840765,16.70223403980424,39.90204972400703,116.40691987520225,normal
2026-01-01 08:03:31.239172232,34.45584495934549,27.30778985613925,39.90206639607113,116.40690104713887,normal
2026-01-01 08:03:31.339172232,45.65650590853279,24.301039223599037,39.902054373540075,116.40692346647934,normal
2026-01-01 08:03:31.439172232,39.56105779472532,23.42548998248461,39.902077691870474,116.4069395779734,normal
2026-01-01 08:03:31.539172232,56.89075376158252,17.76005358500416,39.90204435660234,116.40695909444014,normal
2026-01-01 08:03:31.639172232,39.229094146172706,9.76775411024171,39.90201446147941,116.40695927159422,normal
2026-01-01 08:03:31.739172232,13.404512976896779,24.12235457299574,39.902017193427326,116.40693096111288,normal
2026-01-01 08:03:31.839172232,58.92882251070988,13.325745519723002,39.902017701132884,116.40695051855833,normal
2026-01-01 08:03:31.939172232,26.414015487060716,37.47277386704365,39.90200336966311,116.40694511113034,normal
2026-01-01 08:03:32.039172232,30.193504920267703,24.564057666836128,39.90201956155183,116.40691731552748,normal
2026-01-01 08:03:32.139172232,31.065080589347616,15.354813579568392,39.90203017943812,116.4069443563148,normal
2026-01-01 08:03:32.239172232,60.61657139756226,15.108918020890975,39.90204734221954,116.40698634446521,normal
2026-01-01 08:03:32.339172232,307.90465735393286,19.256446347091295,39.90204487949083,116.40698551950263,normal
2026-01-01 08:03:32.439172232,87.0662280048999,18.083984623826,39.90205693109619,116.40702870192573,normal
2026-01-01 08:03:32.539172232,55.84085213599078,28.934670204239634,39.90204801809013,116.40703052822029,normal
2026-01-01 08:03:32.639172232,43.348583711937394,21.49132935795237,39.90208909446393,116.4070229191022,normal
2026-01-01 08:03:32.739172232,39.1765899907557,14.146946088731776,39.90207284354853,116.40701030993313,normal
2026-01-01 08:03:32.839172232,44.28331112286485,35.12352548124626,39.90211494949712,116.40704305158128,normal
2026-01-01 08:03:32.939172232,47.81683642569008,20.394466652161782,39.90211564725606,116.40702744870366,warning
2026-01-01 08:03:33.039172232,-9.159867017677627,26.150717407751173,39.90208813703827,116.40704215408986,normal
2026-01-01 08:03:33.139172232,48.334066990051724,15.134187940441926,39.90211549862528,116.40703097081315,normal
2026-01-01 08:03:33.239172232,41.34371021882873,22.90492502195619,39.90211801665305,116.4070217646779,normal
2026-01-01 08:03:33.339172232,37.03992369539011,22.48887992914556,39.90213503913501,116.40704236967179,normal
2026-01-01 08:03:33.439172232,37.730900745197324,4.882805663230776,39.902159516253384,116.40703476893486,normal
2026-01-01 08:03:33.539172232,37.07637579470978,36.122200883685124,39.902166275364465,116.40702667302727,normal
2026-01-01 08:03:33.639172232,57.00655145300597,30.325155687380377,39.90215443054757,116.40704932912121,normal
2026-01-01 08:03:33.739172232,48.90335083421293,16.8224374708321,39.902173944815125,116.40708127706708,normal
2026-01-01 08:03:33.839172232,-4.105829519964203,11.181842076353156,39.90217395992527,116.40709417086315,normal
2026-01-01 08:03:33.939172232,49.83851164794642,22.780492910428418,39.90218767708165,116.40708107546763,normal
2026-01-01 08:03:34.039172232,42.92104292078162,20.693581595315173,39.90214460247017,116.40707086329765,normal
2026-01-01 08:03:34.139172232,39.71936865331154,22.845351588505835,39.90215354210451,116.40707246160292,error
2026-01-01 08:03:34.239172232,34.17222320366671,21.532619169552717,39.90214077038801,116.40707888020415,normal
2026-01-01 08:03:34.339172232,56.8616907997902,24.04992791444741,39.90217383658075,116.40705912288595,normal
2026-01-01 08:03:34.439172232,54.21289693184287,31.578445595134454,39.902186298327706,116.40707358364475,normal
2026-01-01 08:03:34.539172232,28.40683498264586,24.54482564102917,39.90219109548263,116.40707529391135,normal
2026-01-01 08:03:34.639172232,46.105784306868024,11.60275600872047,39.90220082168249,116.40704097974496,normal
2026-01-01 08:03:34.739172232,25.42514898188071,30.900502821699618,39.902180852865435,116.40702240121531,normal
2026-01-01 08:03:34.839172232,19.30572752816604,33.1249165079063,39.90221331799925,116.40701231864185,normal
2026-01-01 08:03:34.939172232,30.599241631150523,45.21645387609668,39.90225314540761,116.40701086148808,normal
2026-01-01 08:03:35.039172232,52.93590208574138,11.012047734083216,39.90226100367782,116.40704864706397,warning
2026-01-01 08:03:35.139172232,54.2968756806413,21.9430561052022,39.9022928117492,116.40705341049011,normal
2026-01-01 08:03:35.239172232,47.69628130145939,3.343210374488102,39.90228142878522,116.4070365950523,normal
2026-01-01 08:03:35.339172232,50.87643680271996,24.425193251033672,39.9022654865139,116.4070410076684,normal
2026-01-01 08:03:35.439172232,47.742674306724375,15.614397614665819,39.90226630500887,116.40703396591344,warning
2026-01-01 08:03:35.539172232,30.377776071655717,35.38756635859963,39.902275003829644,116.40704046107822,normal
2026-01-01 08:03:35.639172232,46.47883817010911,13.803080239851344,39.902267124096014,116.40705207243197,normal
2026-01-01 08:03:35.739172232,52.00614287841523,6.486535696261907,39.902277879459824,116.40707625704492,normal
2026-01-01 08:03:35.839172232,51.314369947203616,16.229890074379842,39.90228400724946,116.40707577131501,normal
2026-01-01 08:03:35.939172232,57.83370057211964,4.1960978302629,39.90226404111396,116.40710855052555,normal
2026-01-01 08:03:36.039172232,50.624557708015956,26.00879563605848,39.90227441697431,116.4071267109788,normal
2026-01-01 08:03:36.139172232,45.27172311312374,3.4793356299494356,39.902291687539154,116.4071125621879,normal
2026-01-01 08:03:36.239172232,56.052253574746416,20.22766064946527,39.90229511692551,116.40715675930123,normal
2026-01-01 08:03:36.339172232,39.6021811112641,3.3775054411504257,39.90231816988757,116.4071632991915,normal
2026-01-01 08:03:36.439172232,26.771880231584234,17.437617563706866,39.9022938218117,116.40714659670141,normal
2026-01-01 08:03:36.539172232,37.553995540843545,33.14702524643627,39.90230318082015,116.40717965496243,normal
2026-01-01 08:03:36.639172232,28.826460327903263,22.88518313148636,39.90227977520602,116.40722121051414,normal
2026-01-01 08:01:07.400000000,18.887324579232683,11.931562527390335,39.90324793527026,116.40710652503927,normal
2026-01-01 08:03:06.639172232,42.69372672909397,18.218234393787142,39.902909389448105,116.40660193084238,normal
2026-01-01 08:02:24.939172232,50.621630150328855,2.780931643126557,39.903332239294215,116.40698642917106,normal
2026-01-01 08:02:28.239172232,20.322456514747607,23.331568304811622,39.903414106494495,116.40679034927858,normal
2026-01-01 08:02:14.220661976,21.342051469130723,29.46794933511942,39.903262034005614,116.40687592787987,normal
2026-01-01 08:03:00.339172232,25.673161309759706,17.28702176583969,39.90297804189027,116.40667151756806,normal
